cohort_month,months_since_open,cohort_size,engaged_accounts,engagement_rate
1993-01-01,0,96,13,0.1354
1993-01-01,1,96,51,0.5313
1993-01-01,2,96,87,0.9063
1993-01-01,3,96,89,0.9271
1993-01-01,4,96,91,0.9479
1993-01-01,5,96,94,0.9792
1993-01-01,6,96,95,0.9896
1993-01-01,7,96,95,0.9896
1993-01-01,8,96,94,0.9792
1993-01-01,9,96,95,0.9896
1993-01-01,10,96,91,0.9479
1993-01-01,11,96,95,0.9896
1993-01-01,12,96,95,0.9896
1993-01-01,13,96,95,0.9896
1993-01-01,14,96,94,0.9792
1993-01-01,15,96,94,0.9792
1993-01-01,16,96,95,0.9896
1993-01-01,17,96,96,1.0
1993-01-01,18,96,95,0.9896
1993-01-01,19,96,95,0.9896
1993-01-01,20,96,95,0.9896
1993-01-01,21,96,95,0.9896
1993-01-01,22,96,95,0.9896
1993-01-01,23,96,95,0.9896
1993-01-01,24,96,95,0.9896
1993-01-01,25,96,96,1.0
1993-01-01,26,96,95,0.9896
1993-01-01,27,96,96,1.0
1993-01-01,28,96,96,1.0
1993-01-01,29,96,96,1.0
1993-01-01,30,96,96,1.0
1993-01-01,31,96,94,0.9792
1993-01-01,32,96,96,1.0
1993-01-01,33,96,96,1.0
1993-01-01,34,96,95,0.9896
1993-01-01,35,96,95,0.9896
1993-01-01,36,96,95,0.9896
1993-01-01,37,96,95,0.9896
1993-01-01,38,96,94,0.9792
1993-01-01,39,96,95,0.9896
1993-01-01,40,96,95,0.9896
1993-01-01,41,96,94,0.9792
1993-01-01,42,96,96,1.0
1993-01-01,43,96,95,0.9896
1993-01-01,44,96,96,1.0
1993-01-01,45,96,95,0.9896
1993-01-01,46,96,94,0.9792
1993-01-01,47,96,94,0.9792
1993-01-01,48,96,95,0.9896
1993-01-01,49,96,94,0.9792
1993-01-01,50,96,95,0.9896
1993-01-01,51,96,94,0.9792
1993-01-01,52,96,94,0.9792
1993-01-01,53,96,95,0.9896
1993-01-01,54,96,95,0.9896
1993-01-01,55,96,95,0.9896
1993-01-01,56,96,94,0.9792
1993-01-01,57,96,95,0.9896
1993-01-01,58,96,95,0.9896
1993-01-01,59,96,95,0.9896
1993-01-01,60,96,95,0.9896
1993-01-01,61,96,94,0.9792
1993-01-01,62,96,94,0.9792
1993-01-01,63,96,95,0.9896
1993-01-01,64,96,94,0.9792
1993-01-01,65,96,94,0.9792
1993-01-01,66,96,95,0.9896
1993-01-01,67,96,94,0.9792
1993-01-01,68,96,94,0.9792
1993-01-01,69,96,95,0.9896
1993-01-01,70,96,95,0.9896
1993-01-01,71,96,93,0.9688
1993-02-01,0,98,12,0.1224
1993-02-01,1,98,56,0.5714
1993-02-01,2,98,86,0.8776
1993-02-01,3,98,95,0.9694
1993-02-01,4,98,96,0.9796
1993-02-01,5,98,96,0.9796
1993-02-01,6,98,97,0.9898
1993-02-01,7,98,97,0.9898
1993-02-01,8,98,98,1.0
1993-02-01,9,98,97,0.9898
1993-02-01,10,98,98,1.0
1993-02-01,11,98,97,0.9898
1993-02-01,12,98,98,1.0
1993-02-01,13,98,98,1.0
1993-02-01,14,98,98,1.0
1993-02-01,15,98,98,1.0
1993-02-01,16,98,98,1.0
1993-02-01,17,98,98,1.0
1993-02-01,18,98,97,0.9898
1993-02-01,19,98,98,1.0
1993-02-01,20,98,98,1.0
1993-02-01,21,98,98,1.0
1993-02-01,22,98,98,1.0
1993-02-01,23,98,98,1.0
1993-02-01,24,98,98,1.0
1993-02-01,25,98,98,1.0
1993-02-01,26,98,98,1.0
1993-02-01,27,98,98,1.0
1993-02-01,28,98,98,1.0
1993-02-01,29,98,98,1.0
1993-02-01,30,98,98,1.0
1993-02-01,31,98,98,1.0
1993-02-01,32,98,98,1.0
1993-02-01,33,98,98,1.0
1993-02-01,34,98,98,1.0
1993-02-01,35,98,98,1.0
1993-02-01,36,98,98,1.0
1993-02-01,37,98,98,1.0
1993-02-01,38,98,98,1.0
1993-02-01,39,98,98,1.0
1993-02-01,40,98,98,1.0
1993-02-01,41,98,98,1.0
1993-02-01,42,98,98,1.0
1993-02-01,43,98,98,1.0
1993-02-01,44,98,98,1.0
1993-02-01,45,98,98,1.0
1993-02-01,46,98,98,1.0
1993-02-01,47,98,98,1.0
1993-02-01,48,98,98,1.0
1993-02-01,49,98,98,1.0
1993-02-01,50,98,98,1.0
1993-02-01,51,98,98,1.0
1993-02-01,52,98,98,1.0
1993-02-01,53,98,98,1.0
1993-02-01,54,98,98,1.0
1993-02-01,55,98,98,1.0
1993-02-01,56,98,98,1.0
1993-02-01,57,98,98,1.0
1993-02-01,58,98,98,1.0
1993-02-01,59,98,98,1.0
1993-02-01,60,98,98,1.0
1993-02-01,61,98,98,1.0
1993-02-01,62,98,98,1.0
1993-02-01,63,98,98,1.0
1993-02-01,64,98,98,1.0
1993-02-01,65,98,98,1.0
1993-02-01,66,98,98,1.0
1993-02-01,67,98,98,1.0
1993-02-01,68,98,98,1.0
1993-02-01,69,98,98,1.0
1993-02-01,70,98,97,0.9898
1993-03-01,0,104,10,0.0962
1993-03-01,1,104,49,0.4712
1993-03-01,2,104,80,0.7692
1993-03-01,3,104,95,0.9135
1993-03-01,4,104,100,0.9615
1993-03-01,5,104,103,0.9904
1993-03-01,6,104,103,0.9904
1993-03-01,7,104,101,0.9712
1993-03-01,8,104,102,0.9808
1993-03-01,9,104,103,0.9904
1993-03-01,10,104,102,0.9808
1993-03-01,11,104,104,1.0
1993-03-01,12,104,103,0.9904
1993-03-01,13,104,103,0.9904
1993-03-01,14,104,104,1.0
1993-03-01,15,104,103,0.9904
1993-03-01,16,104,103,0.9904
1993-03-01,17,104,104,1.0
1993-03-01,18,104,102,0.9808
1993-03-01,19,104,104,1.0
1993-03-01,20,104,102,0.9808
1993-03-01,21,104,104,1.0
1993-03-01,22,104,103,0.9904
1993-03-01,23,104,102,0.9808
1993-03-01,24,104,104,1.0
1993-03-01,25,104,103,0.9904
1993-03-01,26,104,103,0.9904
1993-03-01,27,104,104,1.0
1993-03-01,28,104,104,1.0
1993-03-01,29,104,104,1.0
1993-03-01,30,104,104,1.0
1993-03-01,31,104,103,0.9904
1993-03-01,32,104,102,0.9808
1993-03-01,33,104,104,1.0
1993-03-01,34,104,103,0.9904
1993-03-01,35,104,104,1.0
1993-03-01,36,104,104,1.0
1993-03-01,37,104,104,1.0
1993-03-01,38,104,104,1.0
1993-03-01,39,104,104,1.0
1993-03-01,40,104,103,0.9904
1993-03-01,41,104,104,1.0
1993-03-01,42,104,103,0.9904
1993-03-01,43,104,103,0.9904
1993-03-01,44,104,103,0.9904
1993-03-01,45,104,103,0.9904
1993-03-01,46,104,104,1.0
1993-03-01,47,104,104,1.0
1993-03-01,48,104,103,0.9904
1993-03-01,49,104,104,1.0
1993-03-01,50,104,103,0.9904
1993-03-01,51,104,104,1.0
1993-03-01,52,104,104,1.0
1993-03-01,53,104,103,0.9904
1993-03-01,54,104,103,0.9904
1993-03-01,55,104,103,0.9904
1993-03-01,56,104,104,1.0
1993-03-01,57,104,103,0.9904
1993-03-01,58,104,104,1.0
1993-03-01,59,104,103,0.9904
1993-03-01,60,104,103,0.9904
1993-03-01,61,104,103,0.9904
1993-03-01,62,104,103,0.9904
1993-03-01,63,104,103,0.9904
1993-03-01,64,104,103,0.9904
1993-03-01,65,104,103,0.9904
1993-03-01,66,104,103,0.9904
1993-03-01,67,104,102,0.9808
1993-03-01,68,104,104,1.0
1993-03-01,69,104,101,0.9712
1993-04-01,0,77,6,0.0779
1993-04-01,1,77,44,0.5714
1993-04-01,2,77,70,0.9091
1993-04-01,3,77,75,0.974
1993-04-01,4,77,76,0.987
1993-04-01,5,77,76,0.987
1993-04-01,6,77,77,1.0
1993-04-01,7,77,75,0.974
1993-04-01,8,77,77,1.0
1993-04-01,9,77,75,0.974
1993-04-01,10,77,76,0.987
1993-04-01,11,77,76,0.987
1993-04-01,12,77,77,1.0
1993-04-01,13,77,77,1.0
1993-04-01,14,77,77,1.0
1993-04-01,15,77,76,0.987
1993-04-01,16,77,77,1.0
1993-04-01,17,77,77,1.0
1993-04-01,18,77,77,1.0
1993-04-01,19,77,77,1.0
1993-04-01,20,77,77,1.0
1993-04-01,21,77,76,0.987
1993-04-01,22,77,77,1.0
1993-04-01,23,77,77,1.0
1993-04-01,24,77,77,1.0
1993-04-01,25,77,77,1.0
1993-04-01,26,77,77,1.0
1993-04-01,27,77,77,1.0
1993-04-01,28,77,77,1.0
1993-04-01,29,77,77,1.0
1993-04-01,30,77,77,1.0
1993-04-01,31,77,77,1.0
1993-04-01,32,77,77,1.0
1993-04-01,33,77,77,1.0
1993-04-01,34,77,77,1.0
1993-04-01,35,77,77,1.0
1993-04-01,36,77,77,1.0
1993-04-01,37,77,77,1.0
1993-04-01,38,77,77,1.0
1993-04-01,39,77,77,1.0
1993-04-01,40,77,77,1.0
1993-04-01,41,77,77,1.0
1993-04-01,42,77,77,1.0
1993-04-01,43,77,77,1.0
1993-04-01,44,77,77,1.0
1993-04-01,45,77,77,1.0
1993-04-01,46,77,77,1.0
1993-04-01,47,77,77,1.0
1993-04-01,48,77,77,1.0
1993-04-01,49,77,77,1.0
1993-04-01,50,77,77,1.0
1993-04-01,51,77,77,1.0
1993-04-01,52,77,77,1.0
1993-04-01,53,77,77,1.0
1993-04-01,54,77,77,1.0
1993-04-01,55,77,77,1.0
1993-04-01,56,77,77,1.0
1993-04-01,57,77,77,1.0
1993-04-01,58,77,77,1.0
1993-04-01,59,77,76,0.987
1993-04-01,60,77,76,0.987
1993-04-01,61,77,77,1.0
1993-04-01,62,77,77,1.0
1993-04-01,63,77,77,1.0
1993-04-01,64,77,77,1.0
1993-04-01,65,77,77,1.0
1993-04-01,66,77,77,1.0
1993-04-01,67,77,77,1.0
1993-04-01,68,77,77,1.0
1993-05-01,0,91,8,0.0879
1993-05-01,1,91,56,0.6154
1993-05-01,2,91,75,0.8242
1993-05-01,3,91,81,0.8901
1993-05-01,4,91,86,0.9451
1993-05-01,5,91,88,0.967
1993-05-01,6,91,90,0.989
1993-05-01,7,91,88,0.967
1993-05-01,8,91,89,0.978
1993-05-01,9,91,89,0.978
1993-05-01,10,91,90,0.989
1993-05-01,11,91,89,0.978
1993-05-01,12,91,89,0.978
1993-05-01,13,91,88,0.967
1993-05-01,14,91,90,0.989
1993-05-01,15,91,89,0.978
1993-05-01,16,91,90,0.989
1993-05-01,17,91,91,1.0
1993-05-01,18,91,89,0.978
1993-05-01,19,91,88,0.967
1993-05-01,20,91,89,0.978
1993-05-01,21,91,89,0.978
1993-05-01,22,91,88,0.967
1993-05-01,23,91,90,0.989
1993-05-01,24,91,90,0.989
1993-05-01,25,91,91,1.0
1993-05-01,26,91,89,0.978
1993-05-01,27,91,89,0.978
1993-05-01,28,91,91,1.0
1993-05-01,29,91,90,0.989
1993-05-01,30,91,90,0.989
1993-05-01,31,91,90,0.989
1993-05-01,32,91,89,0.978
1993-05-01,33,91,88,0.967
1993-05-01,34,91,89,0.978
1993-05-01,35,91,90,0.989
1993-05-01,36,91,89,0.978
1993-05-01,37,91,88,0.967
1993-05-01,38,91,88,0.967
1993-05-01,39,91,89,0.978
1993-05-01,40,91,90,0.989
1993-05-01,41,91,89,0.978
1993-05-01,42,91,90,0.989
1993-05-01,43,91,90,0.989
1993-05-01,44,91,89,0.978
1993-05-01,45,91,88,0.967
1993-05-01,46,91,89,0.978
1993-05-01,47,91,89,0.978
1993-05-01,48,91,89,0.978
1993-05-01,49,91,89,0.978
1993-05-01,50,91,89,0.978
1993-05-01,51,91,89,0.978
1993-05-01,52,91,88,0.967
1993-05-01,53,91,88,0.967
1993-05-01,54,91,90,0.989
1993-05-01,55,91,89,0.978
1993-05-01,56,91,89,0.978
1993-05-01,57,91,89,0.978
1993-05-01,58,91,89,0.978
1993-05-01,59,91,89,0.978
1993-05-01,60,91,88,0.967
1993-05-01,61,91,88,0.967
1993-05-01,62,91,88,0.967
1993-05-01,63,91,88,0.967
1993-05-01,64,91,88,0.967
1993-05-01,65,91,88,0.967
1993-05-01,66,91,89,0.978
1993-05-01,67,91,87,0.956
1993-06-01,0,88,11,0.125
1993-06-01,1,88,53,0.6023
1993-06-01,2,88,70,0.7955
1993-06-01,3,88,83,0.9432
1993-06-01,4,88,85,0.9659
1993-06-01,5,88,86,0.9773
1993-06-01,6,88,87,0.9886
1993-06-01,7,88,87,0.9886
1993-06-01,8,88,87,0.9886
1993-06-01,9,88,88,1.0
1993-06-01,10,88,87,0.9886
1993-06-01,11,88,88,1.0
1993-06-01,12,88,88,1.0
1993-06-01,13,88,88,1.0
1993-06-01,14,88,88,1.0
1993-06-01,15,88,87,0.9886
1993-06-01,16,88,88,1.0
1993-06-01,17,88,88,1.0
1993-06-01,18,88,88,1.0
1993-06-01,19,88,87,0.9886
1993-06-01,20,88,88,1.0
1993-06-01,21,88,88,1.0
1993-06-01,22,88,88,1.0
1993-06-01,23,88,88,1.0
1993-06-01,24,88,87,0.9886
1993-06-01,25,88,88,1.0
1993-06-01,26,88,88,1.0
1993-06-01,27,88,88,1.0
1993-06-01,28,88,88,1.0
1993-06-01,29,88,88,1.0
1993-06-01,30,88,88,1.0
1993-06-01,31,88,88,1.0
1993-06-01,32,88,88,1.0
1993-06-01,33,88,88,1.0
1993-06-01,34,88,88,1.0
1993-06-01,35,88,88,1.0
1993-06-01,36,88,88,1.0
1993-06-01,37,88,88,1.0
1993-06-01,38,88,88,1.0
1993-06-01,39,88,88,1.0
1993-06-01,40,88,88,1.0
1993-06-01,41,88,88,1.0
1993-06-01,42,88,88,1.0
1993-06-01,43,88,88,1.0
1993-06-01,44,88,88,1.0
1993-06-01,45,88,88,1.0
1993-06-01,46,88,88,1.0
1993-06-01,47,88,88,1.0
1993-06-01,48,88,88,1.0
1993-06-01,49,88,88,1.0
1993-06-01,50,88,88,1.0
1993-06-01,51,88,88,1.0
1993-06-01,52,88,88,1.0
1993-06-01,53,88,88,1.0
1993-06-01,54,88,88,1.0
1993-06-01,55,88,88,1.0
1993-06-01,56,88,88,1.0
1993-06-01,57,88,88,1.0
1993-06-01,58,88,88,1.0
1993-06-01,59,88,88,1.0
1993-06-01,60,88,88,1.0
1993-06-01,61,88,88,1.0
1993-06-01,62,88,88,1.0
1993-06-01,63,88,88,1.0
1993-06-01,64,88,88,1.0
1993-06-01,65,88,88,1.0
1993-06-01,66,88,87,0.9886
1993-07-01,0,99,10,0.101
1993-07-01,1,99,57,0.5758
1993-07-01,2,99,85,0.8586
1993-07-01,3,99,97,0.9798
1993-07-01,4,99,99,1.0
1993-07-01,5,99,99,1.0
1993-07-01,6,99,99,1.0
1993-07-01,7,99,99,1.0
1993-07-01,8,99,99,1.0
1993-07-01,9,99,99,1.0
1993-07-01,10,99,99,1.0
1993-07-01,11,99,99,1.0
1993-07-01,12,99,99,1.0
1993-07-01,13,99,99,1.0
1993-07-01,14,99,99,1.0
1993-07-01,15,99,99,1.0
1993-07-01,16,99,99,1.0
1993-07-01,17,99,99,1.0
1993-07-01,18,99,99,1.0
1993-07-01,19,99,99,1.0
1993-07-01,20,99,99,1.0
1993-07-01,21,99,99,1.0
1993-07-01,22,99,99,1.0
1993-07-01,23,99,99,1.0
1993-07-01,24,99,99,1.0
1993-07-01,25,99,99,1.0
1993-07-01,26,99,99,1.0
1993-07-01,27,99,99,1.0
1993-07-01,28,99,99,1.0
1993-07-01,29,99,99,1.0
1993-07-01,30,99,99,1.0
1993-07-01,31,99,99,1.0
1993-07-01,32,99,99,1.0
1993-07-01,33,99,99,1.0
1993-07-01,34,99,99,1.0
1993-07-01,35,99,99,1.0
1993-07-01,36,99,99,1.0
1993-07-01,37,99,99,1.0
1993-07-01,38,99,99,1.0
1993-07-01,39,99,99,1.0
1993-07-01,40,99,99,1.0
1993-07-01,41,99,99,1.0
1993-07-01,42,99,99,1.0
1993-07-01,43,99,99,1.0
1993-07-01,44,99,99,1.0
1993-07-01,45,99,99,1.0
1993-07-01,46,99,99,1.0
1993-07-01,47,99,99,1.0
1993-07-01,48,99,99,1.0
1993-07-01,49,99,99,1.0
1993-07-01,50,99,99,1.0
1993-07-01,51,99,99,1.0
1993-07-01,52,99,99,1.0
1993-07-01,53,99,99,1.0
1993-07-01,54,99,99,1.0
1993-07-01,55,99,99,1.0
1993-07-01,56,99,99,1.0
1993-07-01,57,99,99,1.0
1993-07-01,58,99,99,1.0
1993-07-01,59,99,99,1.0
1993-07-01,60,99,99,1.0
1993-07-01,61,99,99,1.0
1993-07-01,62,99,99,1.0
1993-07-01,63,99,99,1.0
1993-07-01,64,99,99,1.0
1993-07-01,65,99,98,0.9899
1993-08-01,0,102,12,0.1176
1993-08-01,1,102,47,0.4608
1993-08-01,2,102,87,0.8529
1993-08-01,3,102,99,0.9706
1993-08-01,4,102,100,0.9804
1993-08-01,5,102,102,1.0
1993-08-01,6,102,102,1.0
1993-08-01,7,102,101,0.9902
1993-08-01,8,102,101,0.9902
1993-08-01,9,102,102,1.0
1993-08-01,10,102,101,0.9902
1993-08-01,11,102,101,0.9902
1993-08-01,12,102,102,1.0
1993-08-01,13,102,102,1.0
1993-08-01,14,102,102,1.0
1993-08-01,15,102,102,1.0
1993-08-01,16,102,101,0.9902
1993-08-01,17,102,101,0.9902
1993-08-01,18,102,101,0.9902
1993-08-01,19,102,101,0.9902
1993-08-01,20,102,102,1.0
1993-08-01,21,102,102,1.0
1993-08-01,22,102,102,1.0
1993-08-01,23,102,101,0.9902
1993-08-01,24,102,102,1.0
1993-08-01,25,102,101,0.9902
1993-08-01,26,102,101,0.9902
1993-08-01,27,102,102,1.0
1993-08-01,28,102,102,1.0
1993-08-01,29,102,102,1.0
1993-08-01,30,102,101,0.9902
1993-08-01,31,102,102,1.0
1993-08-01,32,102,102,1.0
1993-08-01,33,102,102,1.0
1993-08-01,34,102,101,0.9902
1993-08-01,35,102,102,1.0
1993-08-01,36,102,102,1.0
1993-08-01,37,102,101,0.9902
1993-08-01,38,102,101,0.9902
1993-08-01,39,102,101,0.9902
1993-08-01,40,102,101,0.9902
1993-08-01,41,102,102,1.0
1993-08-01,42,102,102,1.0
1993-08-01,43,102,101,0.9902
1993-08-01,44,102,101,0.9902
1993-08-01,45,102,101,0.9902
1993-08-01,46,102,102,1.0
1993-08-01,47,102,102,1.0
1993-08-01,48,102,101,0.9902
1993-08-01,49,102,102,1.0
1993-08-01,50,102,101,0.9902
1993-08-01,51,102,101,0.9902
1993-08-01,52,102,101,0.9902
1993-08-01,53,102,102,1.0
1993-08-01,54,102,102,1.0
1993-08-01,55,102,102,1.0
1993-08-01,56,102,101,0.9902
1993-08-01,57,102,101,0.9902
1993-08-01,58,102,101,0.9902
1993-08-01,59,102,101,0.9902
1993-08-01,60,102,102,1.0
1993-08-01,61,102,102,1.0
1993-08-01,62,102,101,0.9902
1993-08-01,63,102,101,0.9902
1993-08-01,64,102,101,0.9902
1993-09-01,0,103,15,0.1456
1993-09-01,1,103,54,0.5243
1993-09-01,2,103,84,0.8155
1993-09-01,3,103,97,0.9417
1993-09-01,4,103,100,0.9709
1993-09-01,5,103,100,0.9709
1993-09-01,6,103,102,0.9903
1993-09-01,7,103,101,0.9806
1993-09-01,8,103,102,0.9903
1993-09-01,9,103,101,0.9806
1993-09-01,10,103,102,0.9903
1993-09-01,11,103,101,0.9806
1993-09-01,12,103,102,0.9903
1993-09-01,13,103,102,0.9903
1993-09-01,14,103,101,0.9806
1993-09-01,15,103,101,0.9806
1993-09-01,16,103,103,1.0
1993-09-01,17,103,100,0.9709
1993-09-01,18,103,100,0.9709
1993-09-01,19,103,101,0.9806
1993-09-01,20,103,102,0.9903
1993-09-01,21,103,101,0.9806
1993-09-01,22,103,102,0.9903
1993-09-01,23,103,101,0.9806
1993-09-01,24,103,101,0.9806
1993-09-01,25,103,100,0.9709
1993-09-01,26,103,101,0.9806
1993-09-01,27,103,102,0.9903
1993-09-01,28,103,101,0.9806
1993-09-01,29,103,100,0.9709
1993-09-01,30,103,100,0.9709
1993-09-01,31,103,101,0.9806
1993-09-01,32,103,101,0.9806
1993-09-01,33,103,101,0.9806
1993-09-01,34,103,102,0.9903
1993-09-01,35,103,100,0.9709
1993-09-01,36,103,101,0.9806
1993-09-01,37,103,100,0.9709
1993-09-01,38,103,100,0.9709
1993-09-01,39,103,100,0.9709
1993-09-01,40,103,101,0.9806
1993-09-01,41,103,102,0.9903
1993-09-01,42,103,100,0.9709
1993-09-01,43,103,102,0.9903
1993-09-01,44,103,102,0.9903
1993-09-01,45,103,101,0.9806
1993-09-01,46,103,101,0.9806
1993-09-01,47,103,101,0.9806
1993-09-01,48,103,100,0.9709
1993-09-01,49,103,101,0.9806
1993-09-01,50,103,100,0.9709
1993-09-01,51,103,101,0.9806
1993-09-01,52,103,101,0.9806
1993-09-01,53,103,101,0.9806
1993-09-01,54,103,101,0.9806
1993-09-01,55,103,101,0.9806
1993-09-01,56,103,102,0.9903
1993-09-01,57,103,102,0.9903
1993-09-01,58,103,102,0.9903
1993-09-01,59,103,101,0.9806
1993-09-01,60,103,101,0.9806
1993-09-01,61,103,101,0.9806
1993-09-01,62,103,99,0.9612
1993-09-01,63,103,98,0.9515
1993-10-01,0,75,5,0.0667
1993-10-01,1,75,36,0.48
1993-10-01,2,75,56,0.7467
1993-10-01,3,75,63,0.84
1993-10-01,4,75,69,0.92
1993-10-01,5,75,71,0.9467
1993-10-01,6,75,71,0.9467
1993-10-01,7,75,72,0.96
1993-10-01,8,75,71,0.9467
1993-10-01,9,75,73,0.9733
1993-10-01,10,75,72,0.96
1993-10-01,11,75,73,0.9733
1993-10-01,12,75,73,0.9733
1993-10-01,13,75,72,0.96
1993-10-01,14,75,72,0.96
1993-10-01,15,75,74,0.9867
1993-10-01,16,75,70,0.9333
1993-10-01,17,75,72,0.96
1993-10-01,18,75,74,0.9867
1993-10-01,19,75,72,0.96
1993-10-01,20,75,71,0.9467
1993-10-01,21,75,72,0.96
1993-10-01,22,75,70,0.9333
1993-10-01,23,75,74,0.9867
1993-10-01,24,75,70,0.9333
1993-10-01,25,75,74,0.9867
1993-10-01,26,75,72,0.96
1993-10-01,27,75,73,0.9733
1993-10-01,28,75,71,0.9467
1993-10-01,29,75,73,0.9733
1993-10-01,30,75,73,0.9733
1993-10-01,31,75,72,0.96
1993-10-01,32,75,71,0.9467
1993-10-01,33,75,73,0.9733
1993-10-01,34,75,74,0.9867
1993-10-01,35,75,72,0.96
1993-10-01,36,75,73,0.9733
1993-10-01,37,75,71,0.9467
1993-10-01,38,75,72,0.96
1993-10-01,39,75,72,0.96
1993-10-01,40,75,71,0.9467
1993-10-01,41,75,72,0.96
1993-10-01,42,75,72,0.96
1993-10-01,43,75,73,0.9733
1993-10-01,44,75,72,0.96
1993-10-01,45,75,72,0.96
1993-10-01,46,75,71,0.9467
1993-10-01,47,75,72,0.96
1993-10-01,48,75,72,0.96
1993-10-01,49,75,70,0.9333
1993-10-01,50,75,72,0.96
1993-10-01,51,75,71,0.9467
1993-10-01,52,75,70,0.9333
1993-10-01,53,75,72,0.96
1993-10-01,54,75,73,0.9733
1993-10-01,55,75,73,0.9733
1993-10-01,56,75,72,0.96
1993-10-01,57,75,71,0.9467
1993-10-01,58,75,71,0.9467
1993-10-01,59,75,72,0.96
1993-10-01,60,75,72,0.96
1993-10-01,61,75,73,0.9733
1993-10-01,62,75,72,0.96
1993-11-01,0,115,12,0.1043
1993-11-01,1,115,63,0.5478
1993-11-01,2,115,97,0.8435
1993-11-01,3,115,103,0.8957
1993-11-01,4,115,114,0.9913
1993-11-01,5,115,114,0.9913
1993-11-01,6,115,113,0.9826
1993-11-01,7,115,114,0.9913
1993-11-01,8,115,113,0.9826
1993-11-01,9,115,115,1.0
1993-11-01,10,115,115,1.0
1993-11-01,11,115,114,0.9913
1993-11-01,12,115,113,0.9826
1993-11-01,13,115,112,0.9739
1993-11-01,14,115,115,1.0
1993-11-01,15,115,114,0.9913
1993-11-01,16,115,113,0.9826
1993-11-01,17,115,115,1.0
1993-11-01,18,115,115,1.0
1993-11-01,19,115,115,1.0
1993-11-01,20,115,115,1.0
1993-11-01,21,115,115,1.0
1993-11-01,22,115,115,1.0
1993-11-01,23,115,114,0.9913
1993-11-01,24,115,115,1.0
1993-11-01,25,115,114,0.9913
1993-11-01,26,115,115,1.0
1993-11-01,27,115,115,1.0
1993-11-01,28,115,115,1.0
1993-11-01,29,115,115,1.0
1993-11-01,30,115,115,1.0
1993-11-01,31,115,115,1.0
1993-11-01,32,115,115,1.0
1993-11-01,33,115,115,1.0
1993-11-01,34,115,115,1.0
1993-11-01,35,115,115,1.0
1993-11-01,36,115,115,1.0
1993-11-01,37,115,115,1.0
1993-11-01,38,115,115,1.0
1993-11-01,39,115,115,1.0
1993-11-01,40,115,115,1.0
1993-11-01,41,115,115,1.0
1993-11-01,42,115,115,1.0
1993-11-01,43,115,115,1.0
1993-11-01,44,115,115,1.0
1993-11-01,45,115,115,1.0
1993-11-01,46,115,115,1.0
1993-11-01,47,115,115,1.0
1993-11-01,48,115,115,1.0
1993-11-01,49,115,115,1.0
1993-11-01,50,115,115,1.0
1993-11-01,51,115,115,1.0
1993-11-01,52,115,115,1.0
1993-11-01,53,115,115,1.0
1993-11-01,54,115,115,1.0
1993-11-01,55,115,115,1.0
1993-11-01,56,115,115,1.0
1993-11-01,57,115,115,1.0
1993-11-01,58,115,115,1.0
1993-11-01,59,115,115,1.0
1993-11-01,60,115,115,1.0
1993-11-01,61,115,111,0.9652
1993-12-01,0,91,10,0.1099
1993-12-01,1,91,60,0.6593
1993-12-01,2,91,81,0.8901
1993-12-01,3,91,87,0.956
1993-12-01,4,91,90,0.989
1993-12-01,5,91,91,1.0
1993-12-01,6,91,91,1.0
1993-12-01,7,91,89,0.978
1993-12-01,8,91,88,0.967
1993-12-01,9,91,88,0.967
1993-12-01,10,91,90,0.989
1993-12-01,11,91,91,1.0
1993-12-01,12,91,89,0.978
1993-12-01,13,91,91,1.0
1993-12-01,14,91,91,1.0
1993-12-01,15,91,90,0.989
1993-12-01,16,91,91,1.0
1993-12-01,17,91,91,1.0
1993-12-01,18,91,91,1.0
1993-12-01,19,91,89,0.978
1993-12-01,20,91,90,0.989
1993-12-01,21,91,91,1.0
1993-12-01,22,91,89,0.978
1993-12-01,23,91,90,0.989
1993-12-01,24,91,90,0.989
1993-12-01,25,91,91,1.0
1993-12-01,26,91,90,0.989
1993-12-01,27,91,89,0.978
1993-12-01,28,91,91,1.0
1993-12-01,29,91,91,1.0
1993-12-01,30,91,91,1.0
1993-12-01,31,91,91,1.0
1993-12-01,32,91,90,0.989
1993-12-01,33,91,90,0.989
1993-12-01,34,91,90,0.989
1993-12-01,35,91,90,0.989
1993-12-01,36,91,90,0.989
1993-12-01,37,91,90,0.989
1993-12-01,38,91,90,0.989
1993-12-01,39,91,90,0.989
1993-12-01,40,91,90,0.989
1993-12-01,41,91,91,1.0
1993-12-01,42,91,91,1.0
1993-12-01,43,91,91,1.0
1993-12-01,44,91,91,1.0
1993-12-01,45,91,91,1.0
1993-12-01,46,91,90,0.989
1993-12-01,47,91,90,0.989
1993-12-01,48,91,91,1.0
1993-12-01,49,91,90,0.989
1993-12-01,50,91,90,0.989
1993-12-01,51,91,90,0.989
1993-12-01,52,91,91,1.0
1993-12-01,53,91,90,0.989
1993-12-01,54,91,90,0.989
1993-12-01,55,91,90,0.989
1993-12-01,56,91,90,0.989
1993-12-01,57,91,90,0.989
1993-12-01,58,91,90,0.989
1993-12-01,59,91,91,1.0
1993-12-01,60,91,90,0.989
1994-01-01,1,24,10,0.4167
1994-01-01,2,24,17,0.7083
1994-01-01,3,24,20,0.8333
1994-01-01,4,24,23,0.9583
1994-01-01,5,24,24,1.0
1994-01-01,6,24,24,1.0
1994-01-01,7,24,23,0.9583
1994-01-01,8,24,24,1.0
1994-01-01,9,24,23,0.9583
1994-01-01,10,24,23,0.9583
1994-01-01,11,24,23,0.9583
1994-01-01,12,24,24,1.0
1994-01-01,13,24,24,1.0
1994-01-01,14,24,24,1.0
1994-01-01,15,24,24,1.0
1994-01-01,16,24,24,1.0
1994-01-01,17,24,24,1.0
1994-01-01,18,24,24,1.0
1994-01-01,19,24,24,1.0
1994-01-01,20,24,24,1.0
1994-01-01,21,24,24,1.0
1994-01-01,22,24,24,1.0
1994-01-01,23,24,24,1.0
1994-01-01,24,24,24,1.0
1994-01-01,25,24,24,1.0
1994-01-01,26,24,24,1.0
1994-01-01,27,24,24,1.0
1994-01-01,28,24,24,1.0
1994-01-01,29,24,24,1.0
1994-01-01,30,24,24,1.0
1994-01-01,31,24,24,1.0
1994-01-01,32,24,24,1.0
1994-01-01,33,24,24,1.0
1994-01-01,34,24,24,1.0
1994-01-01,35,24,24,1.0
1994-01-01,36,24,24,1.0
1994-01-01,37,24,24,1.0
1994-01-01,38,24,24,1.0
1994-01-01,39,24,24,1.0
1994-01-01,40,24,24,1.0
1994-01-01,41,24,24,1.0
1994-01-01,42,24,24,1.0
1994-01-01,43,24,24,1.0
1994-01-01,44,24,24,1.0
1994-01-01,45,24,24,1.0
1994-01-01,46,24,24,1.0
1994-01-01,47,24,24,1.0
1994-01-01,48,24,24,1.0
1994-01-01,49,24,24,1.0
1994-01-01,50,24,24,1.0
1994-01-01,51,24,24,1.0
1994-01-01,52,24,24,1.0
1994-01-01,53,24,24,1.0
1994-01-01,54,24,24,1.0
1994-01-01,55,24,24,1.0
1994-01-01,56,24,24,1.0
1994-01-01,57,24,24,1.0
1994-01-01,58,24,24,1.0
1994-01-01,59,24,24,1.0
1994-02-01,0,34,3,0.0882
1994-02-01,1,34,16,0.4706
1994-02-01,2,34,28,0.8235
1994-02-01,3,34,32,0.9412
1994-02-01,4,34,34,1.0
1994-02-01,5,34,34,1.0
1994-02-01,6,34,34,1.0
1994-02-01,7,34,33,0.9706
1994-02-01,8,34,33,0.9706
1994-02-01,9,34,33,0.9706
1994-02-01,10,34,34,1.0
1994-02-01,11,34,34,1.0
1994-02-01,12,34,34,1.0
1994-02-01,13,34,34,1.0
1994-02-01,14,34,34,1.0
1994-02-01,15,34,34,1.0
1994-02-01,16,34,33,0.9706
1994-02-01,17,34,34,1.0
1994-02-01,18,34,33,0.9706
1994-02-01,19,34,34,1.0
1994-02-01,20,34,34,1.0
1994-02-01,21,34,34,1.0
1994-02-01,22,34,34,1.0
1994-02-01,23,34,34,1.0
1994-02-01,24,34,34,1.0
1994-02-01,25,34,34,1.0
1994-02-01,26,34,34,1.0
1994-02-01,27,34,34,1.0
1994-02-01,28,34,34,1.0
1994-02-01,29,34,34,1.0
1994-02-01,30,34,34,1.0
1994-02-01,31,34,34,1.0
1994-02-01,32,34,34,1.0
1994-02-01,33,34,34,1.0
1994-02-01,34,34,34,1.0
1994-02-01,35,34,34,1.0
1994-02-01,36,34,34,1.0
1994-02-01,37,34,34,1.0
1994-02-01,38,34,34,1.0
1994-02-01,39,34,34,1.0
1994-02-01,40,34,34,1.0
1994-02-01,41,34,34,1.0
1994-02-01,42,34,34,1.0
1994-02-01,43,34,34,1.0
1994-02-01,44,34,34,1.0
1994-02-01,45,34,34,1.0
1994-02-01,46,34,34,1.0
1994-02-01,47,34,34,1.0
1994-02-01,48,34,34,1.0
1994-02-01,49,34,34,1.0
1994-02-01,50,34,34,1.0
1994-02-01,51,34,34,1.0
1994-02-01,52,34,34,1.0
1994-02-01,53,34,33,0.9706
1994-02-01,54,34,34,1.0
1994-02-01,55,34,34,1.0
1994-02-01,56,34,34,1.0
1994-02-01,57,34,34,1.0
1994-02-01,58,34,33,0.9706
1994-03-01,0,32,2,0.0625
1994-03-01,1,32,13,0.4063
1994-03-01,2,32,30,0.9375
1994-03-01,3,32,31,0.9688
1994-03-01,4,32,31,0.9688
1994-03-01,5,32,31,0.9688
1994-03-01,6,32,32,1.0
1994-03-01,7,32,32,1.0
1994-03-01,8,32,32,1.0
1994-03-01,9,32,32,1.0
1994-03-01,10,32,32,1.0
1994-03-01,11,32,32,1.0
1994-03-01,12,32,32,1.0
1994-03-01,13,32,32,1.0
1994-03-01,14,32,32,1.0
1994-03-01,15,32,32,1.0
1994-03-01,16,32,32,1.0
1994-03-01,17,32,32,1.0
1994-03-01,18,32,32,1.0
1994-03-01,19,32,32,1.0
1994-03-01,20,32,32,1.0
1994-03-01,21,32,32,1.0
1994-03-01,22,32,32,1.0
1994-03-01,23,32,32,1.0
1994-03-01,24,32,32,1.0
1994-03-01,25,32,32,1.0
1994-03-01,26,32,32,1.0
1994-03-01,27,32,32,1.0
1994-03-01,28,32,32,1.0
1994-03-01,29,32,32,1.0
1994-03-01,30,32,32,1.0
1994-03-01,31,32,32,1.0
1994-03-01,32,32,32,1.0
1994-03-01,33,32,32,1.0
1994-03-01,34,32,32,1.0
1994-03-01,35,32,32,1.0
1994-03-01,36,32,32,1.0
1994-03-01,37,32,32,1.0
1994-03-01,38,32,32,1.0
1994-03-01,39,32,32,1.0
1994-03-01,40,32,32,1.0
1994-03-01,41,32,32,1.0
1994-03-01,42,32,32,1.0
1994-03-01,43,32,32,1.0
1994-03-01,44,32,32,1.0
1994-03-01,45,32,32,1.0
1994-03-01,46,32,32,1.0
1994-03-01,47,32,32,1.0
1994-03-01,48,32,32,1.0
1994-03-01,49,32,32,1.0
1994-03-01,50,32,32,1.0
1994-03-01,51,32,32,1.0
1994-03-01,52,32,32,1.0
1994-03-01,53,32,32,1.0
1994-03-01,54,32,32,1.0
1994-03-01,55,32,32,1.0
1994-03-01,56,32,32,1.0
1994-03-01,57,32,32,1.0
1994-04-01,0,41,5,0.122
1994-04-01,1,41,17,0.4146
1994-04-01,2,41,36,0.878
1994-04-01,3,41,39,0.9512
1994-04-01,4,41,39,0.9512
1994-04-01,5,41,39,0.9512
1994-04-01,6,41,40,0.9756
1994-04-01,7,41,40,0.9756
1994-04-01,8,41,39,0.9512
1994-04-01,9,41,40,0.9756
1994-04-01,10,41,41,1.0
1994-04-01,11,41,39,0.9512
1994-04-01,12,41,40,0.9756
1994-04-01,13,41,39,0.9512
1994-04-01,14,41,40,0.9756
1994-04-01,15,41,40,0.9756
1994-04-01,16,41,40,0.9756
1994-04-01,17,41,41,1.0
1994-04-01,18,41,40,0.9756
1994-04-01,19,41,40,0.9756
1994-04-01,20,41,40,0.9756
1994-04-01,21,41,41,1.0
1994-04-01,22,41,39,0.9512
1994-04-01,23,41,40,0.9756
1994-04-01,24,41,40,0.9756
1994-04-01,25,41,39,0.9512
1994-04-01,26,41,40,0.9756
1994-04-01,27,41,40,0.9756
1994-04-01,28,41,39,0.9512
1994-04-01,29,41,40,0.9756
1994-04-01,30,41,41,1.0
1994-04-01,31,41,40,0.9756
1994-04-01,32,41,39,0.9512
1994-04-01,33,41,40,0.9756
1994-04-01,34,41,39,0.9512
1994-04-01,35,41,40,0.9756
1994-04-01,36,41,40,0.9756
1994-04-01,37,41,41,1.0
1994-04-01,38,41,41,1.0
1994-04-01,39,41,40,0.9756
1994-04-01,40,41,40,0.9756
1994-04-01,41,41,40,0.9756
1994-04-01,42,41,39,0.9512
1994-04-01,43,41,39,0.9512
1994-04-01,44,41,40,0.9756
1994-04-01,45,41,40,0.9756
1994-04-01,46,41,40,0.9756
1994-04-01,47,41,40,0.9756
1994-04-01,48,41,39,0.9512
1994-04-01,49,41,41,1.0
1994-04-01,50,41,40,0.9756
1994-04-01,51,41,41,1.0
1994-04-01,52,41,40,0.9756
1994-04-01,53,41,39,0.9512
1994-04-01,54,41,40,0.9756
1994-04-01,55,41,39,0.9512
1994-04-01,56,41,37,0.9024
1994-05-01,0,55,6,0.1091
1994-05-01,1,55,35,0.6364
1994-05-01,2,55,50,0.9091
1994-05-01,3,55,49,0.8909
1994-05-01,4,55,52,0.9455
1994-05-01,5,55,53,0.9636
1994-05-01,6,55,54,0.9818
1994-05-01,7,55,52,0.9455
1994-05-01,8,55,52,0.9455
1994-05-01,9,55,53,0.9636
1994-05-01,10,55,54,0.9818
1994-05-01,11,55,55,1.0
1994-05-01,12,55,54,0.9818
1994-05-01,13,55,55,1.0
1994-05-01,14,55,54,0.9818
1994-05-01,15,55,54,0.9818
1994-05-01,16,55,54,0.9818
1994-05-01,17,55,55,1.0
1994-05-01,18,55,54,0.9818
1994-05-01,19,55,55,1.0
1994-05-01,20,55,54,0.9818
1994-05-01,21,55,55,1.0
1994-05-01,22,55,54,0.9818
1994-05-01,23,55,55,1.0
1994-05-01,24,55,54,0.9818
1994-05-01,25,55,55,1.0
1994-05-01,26,55,54,0.9818
1994-05-01,27,55,55,1.0
1994-05-01,28,55,55,1.0
1994-05-01,29,55,55,1.0
1994-05-01,30,55,54,0.9818
1994-05-01,31,55,55,1.0
1994-05-01,32,55,54,0.9818
1994-05-01,33,55,55,1.0
1994-05-01,34,55,54,0.9818
1994-05-01,35,55,55,1.0
1994-05-01,36,55,55,1.0
1994-05-01,37,55,55,1.0
1994-05-01,38,55,55,1.0
1994-05-01,39,55,55,1.0
1994-05-01,40,55,55,1.0
1994-05-01,41,55,54,0.9818
1994-05-01,42,55,55,1.0
1994-05-01,43,55,55,1.0
1994-05-01,44,55,54,0.9818
1994-05-01,45,55,55,1.0
1994-05-01,46,55,55,1.0
1994-05-01,47,55,55,1.0
1994-05-01,48,55,54,0.9818
1994-05-01,49,55,55,1.0
1994-05-01,50,55,54,0.9818
1994-05-01,51,55,54,0.9818
1994-05-01,52,55,54,0.9818
1994-05-01,53,55,55,1.0
1994-05-01,54,55,55,1.0
1994-05-01,55,55,54,0.9818
1994-06-01,0,35,5,0.1429
1994-06-01,1,35,16,0.4571
1994-06-01,2,35,30,0.8571
1994-06-01,3,35,33,0.9429
1994-06-01,4,35,35,1.0
1994-06-01,5,35,33,0.9429
1994-06-01,6,35,34,0.9714
1994-06-01,7,35,34,0.9714
1994-06-01,8,35,35,1.0
1994-06-01,9,35,34,0.9714
1994-06-01,10,35,35,1.0
1994-06-01,11,35,34,0.9714
1994-06-01,12,35,35,1.0
1994-06-01,13,35,35,1.0
1994-06-01,14,35,34,0.9714
1994-06-01,15,35,34,0.9714
1994-06-01,16,35,34,0.9714
1994-06-01,17,35,34,0.9714
1994-06-01,18,35,34,0.9714
1994-06-01,19,35,34,0.9714
1994-06-01,20,35,34,0.9714
1994-06-01,21,35,34,0.9714
1994-06-01,22,35,34,0.9714
1994-06-01,23,35,35,1.0
1994-06-01,24,35,34,0.9714
1994-06-01,25,35,35,1.0
1994-06-01,26,35,34,0.9714
1994-06-01,27,35,34,0.9714
1994-06-01,28,35,35,1.0
1994-06-01,29,35,35,1.0
1994-06-01,30,35,34,0.9714
1994-06-01,31,35,35,1.0
1994-06-01,32,35,34,0.9714
1994-06-01,33,35,35,1.0
1994-06-01,34,35,34,0.9714
1994-06-01,35,35,34,0.9714
1994-06-01,36,35,35,1.0
1994-06-01,37,35,35,1.0
1994-06-01,38,35,34,0.9714
1994-06-01,39,35,34,0.9714
1994-06-01,40,35,34,0.9714
1994-06-01,41,35,35,1.0
1994-06-01,42,35,35,1.0
1994-06-01,43,35,34,0.9714
1994-06-01,44,35,35,1.0
1994-06-01,45,35,35,1.0
1994-06-01,46,35,34,0.9714
1994-06-01,47,35,34,0.9714
1994-06-01,48,35,34,0.9714
1994-06-01,49,35,35,1.0
1994-06-01,50,35,34,0.9714
1994-06-01,51,35,35,1.0
1994-06-01,52,35,34,0.9714
1994-06-01,53,35,34,0.9714
1994-06-01,54,35,34,0.9714
1994-07-01,0,31,7,0.2258
1994-07-01,1,31,16,0.5161
1994-07-01,2,31,27,0.871
1994-07-01,3,31,29,0.9355
1994-07-01,4,31,31,1.0
1994-07-01,5,31,30,0.9677
1994-07-01,6,31,31,1.0
1994-07-01,7,31,31,1.0
1994-07-01,8,31,31,1.0
1994-07-01,9,31,31,1.0
1994-07-01,10,31,31,1.0
1994-07-01,11,31,31,1.0
1994-07-01,12,31,31,1.0
1994-07-01,13,31,31,1.0
1994-07-01,14,31,31,1.0
1994-07-01,15,31,31,1.0
1994-07-01,16,31,31,1.0
1994-07-01,17,31,31,1.0
1994-07-01,18,31,31,1.0
1994-07-01,19,31,31,1.0
1994-07-01,20,31,31,1.0
1994-07-01,21,31,31,1.0
1994-07-01,22,31,31,1.0
1994-07-01,23,31,31,1.0
1994-07-01,24,31,31,1.0
1994-07-01,25,31,31,1.0
1994-07-01,26,31,31,1.0
1994-07-01,27,31,31,1.0
1994-07-01,28,31,31,1.0
1994-07-01,29,31,31,1.0
1994-07-01,30,31,31,1.0
1994-07-01,31,31,31,1.0
1994-07-01,32,31,31,1.0
1994-07-01,33,31,31,1.0
1994-07-01,34,31,31,1.0
1994-07-01,35,31,31,1.0
1994-07-01,36,31,31,1.0
1994-07-01,37,31,31,1.0
1994-07-01,38,31,31,1.0
1994-07-01,39,31,31,1.0
1994-07-01,40,31,31,1.0
1994-07-01,41,31,31,1.0
1994-07-01,42,31,31,1.0
1994-07-01,43,31,31,1.0
1994-07-01,44,31,31,1.0
1994-07-01,45,31,31,1.0
1994-07-01,46,31,31,1.0
1994-07-01,47,31,31,1.0
1994-07-01,48,31,31,1.0
1994-07-01,49,31,31,1.0
1994-07-01,50,31,31,1.0
1994-07-01,51,31,31,1.0
1994-07-01,52,31,31,1.0
1994-07-01,53,31,31,1.0
1994-08-01,0,37,2,0.0541
1994-08-01,1,37,17,0.4595
1994-08-01,2,37,29,0.7838
1994-08-01,3,37,34,0.9189
1994-08-01,4,37,34,0.9189
1994-08-01,5,37,37,1.0
1994-08-01,6,37,36,0.973
1994-08-01,7,37,35,0.9459
1994-08-01,8,37,36,0.973
1994-08-01,9,37,37,1.0
1994-08-01,10,37,37,1.0
1994-08-01,11,37,36,0.973
1994-08-01,12,37,36,0.973
1994-08-01,13,37,37,1.0
1994-08-01,14,37,36,0.973
1994-08-01,15,37,37,1.0
1994-08-01,16,37,36,0.973
1994-08-01,17,37,37,1.0
1994-08-01,18,37,36,0.973
1994-08-01,19,37,36,0.973
1994-08-01,20,37,36,0.973
1994-08-01,21,37,36,0.973
1994-08-01,22,37,36,0.973
1994-08-01,23,37,36,0.973
1994-08-01,24,37,36,0.973
1994-08-01,25,37,37,1.0
1994-08-01,26,37,37,1.0
1994-08-01,27,37,36,0.973
1994-08-01,28,37,37,1.0
1994-08-01,29,37,36,0.973
1994-08-01,30,37,36,0.973
1994-08-01,31,37,36,0.973
1994-08-01,32,37,37,1.0
1994-08-01,33,37,37,1.0
1994-08-01,34,37,37,1.0
1994-08-01,35,37,37,1.0
1994-08-01,36,37,36,0.973
1994-08-01,37,37,36,0.973
1994-08-01,38,37,36,0.973
1994-08-01,39,37,36,0.973
1994-08-01,40,37,36,0.973
1994-08-01,41,37,37,1.0
1994-08-01,42,37,37,1.0
1994-08-01,43,37,37,1.0
1994-08-01,44,37,37,1.0
1994-08-01,45,37,36,0.973
1994-08-01,46,37,37,1.0
1994-08-01,47,37,37,1.0
1994-08-01,48,37,36,0.973
1994-08-01,49,37,37,1.0
1994-08-01,50,37,36,0.973
1994-08-01,51,37,37,1.0
1994-08-01,52,37,35,0.9459
1994-09-01,0,40,7,0.175
1994-09-01,1,40,24,0.6
1994-09-01,2,40,36,0.9
1994-09-01,3,40,38,0.95
1994-09-01,4,40,39,0.975
1994-09-01,5,40,38,0.95
1994-09-01,6,40,39,0.975
1994-09-01,7,40,40,1.0
1994-09-01,8,40,38,0.95
1994-09-01,9,40,39,0.975
1994-09-01,10,40,40,1.0
1994-09-01,11,40,39,0.975
1994-09-01,12,40,40,1.0
1994-09-01,13,40,39,0.975
1994-09-01,14,40,39,0.975
1994-09-01,15,40,40,1.0
1994-09-01,16,40,39,0.975
1994-09-01,17,40,40,1.0
1994-09-01,18,40,40,1.0
1994-09-01,19,40,39,0.975
1994-09-01,20,40,38,0.95
1994-09-01,21,40,39,0.975
1994-09-01,22,40,39,0.975
1994-09-01,23,40,39,0.975
1994-09-01,24,40,39,0.975
1994-09-01,25,40,39,0.975
1994-09-01,26,40,40,1.0
1994-09-01,27,40,39,0.975
1994-09-01,28,40,39,0.975
1994-09-01,29,40,40,1.0
1994-09-01,30,40,39,0.975
1994-09-01,31,40,39,0.975
1994-09-01,32,40,39,0.975
1994-09-01,33,40,40,1.0
1994-09-01,34,40,40,1.0
1994-09-01,35,40,40,1.0
1994-09-01,36,40,40,1.0
1994-09-01,37,40,40,1.0
1994-09-01,38,40,40,1.0
1994-09-01,39,40,39,0.975
1994-09-01,40,40,39,0.975
1994-09-01,41,40,39,0.975
1994-09-01,42,40,40,1.0
1994-09-01,43,40,39,0.975
1994-09-01,44,40,39,0.975
1994-09-01,45,40,40,1.0
1994-09-01,46,40,39,0.975
1994-09-01,47,40,40,1.0
1994-09-01,48,40,39,0.975
1994-09-01,49,40,39,0.975
1994-09-01,50,40,40,1.0
1994-09-01,51,40,39,0.975
1994-10-01,0,47,7,0.1489
1994-10-01,1,47,21,0.4468
1994-10-01,2,47,44,0.9362
1994-10-01,3,47,47,1.0
1994-10-01,4,47,47,1.0
1994-10-01,5,47,47,1.0
1994-10-01,6,47,47,1.0
1994-10-01,7,47,47,1.0
1994-10-01,8,47,47,1.0
1994-10-01,9,47,47,1.0
1994-10-01,10,47,47,1.0
1994-10-01,11,47,47,1.0
1994-10-01,12,47,47,1.0
1994-10-01,13,47,47,1.0
1994-10-01,14,47,47,1.0
1994-10-01,15,47,47,1.0
1994-10-01,16,47,47,1.0
1994-10-01,17,47,47,1.0
1994-10-01,18,47,47,1.0
1994-10-01,19,47,47,1.0
1994-10-01,20,47,47,1.0
1994-10-01,21,47,47,1.0
1994-10-01,22,47,47,1.0
1994-10-01,23,47,47,1.0
1994-10-01,24,47,47,1.0
1994-10-01,25,47,47,1.0
1994-10-01,26,47,47,1.0
1994-10-01,27,47,47,1.0
1994-10-01,28,47,47,1.0
1994-10-01,29,47,47,1.0
1994-10-01,30,47,47,1.0
1994-10-01,31,47,47,1.0
1994-10-01,32,47,47,1.0
1994-10-01,33,47,47,1.0
1994-10-01,34,47,47,1.0
1994-10-01,35,47,47,1.0
1994-10-01,36,47,47,1.0
1994-10-01,37,47,47,1.0
1994-10-01,38,47,47,1.0
1994-10-01,39,47,47,1.0
1994-10-01,40,47,47,1.0
1994-10-01,41,47,47,1.0
1994-10-01,42,47,47,1.0
1994-10-01,43,47,47,1.0
1994-10-01,44,47,47,1.0
1994-10-01,45,47,47,1.0
1994-10-01,46,47,47,1.0
1994-10-01,47,47,47,1.0
1994-10-01,48,47,47,1.0
1994-10-01,49,47,47,1.0
1994-10-01,50,47,46,0.9787
1994-11-01,0,28,3,0.1071
1994-11-01,1,28,18,0.6429
1994-11-01,2,28,28,1.0
1994-11-01,3,28,27,0.9643
1994-11-01,4,28,28,1.0
1994-11-01,5,28,28,1.0
1994-11-01,6,28,28,1.0
1994-11-01,7,28,27,0.9643
1994-11-01,8,28,28,1.0
1994-11-01,9,28,27,0.9643
1994-11-01,10,28,27,0.9643
1994-11-01,11,28,28,1.0
1994-11-01,12,28,27,0.9643
1994-11-01,13,28,28,1.0
1994-11-01,14,28,28,1.0
1994-11-01,15,28,28,1.0
1994-11-01,16,28,28,1.0
1994-11-01,17,28,28,1.0
1994-11-01,18,28,28,1.0
1994-11-01,19,28,28,1.0
1994-11-01,20,28,28,1.0
1994-11-01,21,28,28,1.0
1994-11-01,22,28,28,1.0
1994-11-01,23,28,28,1.0
1994-11-01,24,28,28,1.0
1994-11-01,25,28,28,1.0
1994-11-01,26,28,28,1.0
1994-11-01,27,28,28,1.0
1994-11-01,28,28,28,1.0
1994-11-01,29,28,28,1.0
1994-11-01,30,28,28,1.0
1994-11-01,31,28,28,1.0
1994-11-01,32,28,28,1.0
1994-11-01,33,28,28,1.0
1994-11-01,34,28,28,1.0
1994-11-01,35,28,28,1.0
1994-11-01,36,28,28,1.0
1994-11-01,37,28,28,1.0
1994-11-01,38,28,28,1.0
1994-11-01,39,28,28,1.0
1994-11-01,40,28,28,1.0
1994-11-01,41,28,28,1.0
1994-11-01,42,28,28,1.0
1994-11-01,43,28,28,1.0
1994-11-01,44,28,28,1.0
1994-11-01,45,28,28,1.0
1994-11-01,46,28,28,1.0
1994-11-01,47,28,28,1.0
1994-11-01,48,28,28,1.0
1994-11-01,49,28,28,1.0
1994-12-01,0,35,4,0.1143
1994-12-01,1,35,16,0.4571
1994-12-01,2,35,27,0.7714
1994-12-01,3,35,32,0.9143
1994-12-01,4,35,35,1.0
1994-12-01,5,35,34,0.9714
1994-12-01,6,35,34,0.9714
1994-12-01,7,35,34,0.9714
1994-12-01,8,35,35,1.0
1994-12-01,9,35,34,0.9714
1994-12-01,10,35,33,0.9429
1994-12-01,11,35,34,0.9714
1994-12-01,12,35,33,0.9429
1994-12-01,13,35,35,1.0
1994-12-01,14,35,34,0.9714
1994-12-01,15,35,34,0.9714
1994-12-01,16,35,35,1.0
1994-12-01,17,35,35,1.0
1994-12-01,18,35,34,0.9714
1994-12-01,19,35,34,0.9714
1994-12-01,20,35,34,0.9714
1994-12-01,21,35,35,1.0
1994-12-01,22,35,34,0.9714
1994-12-01,23,35,33,0.9429
1994-12-01,24,35,33,0.9429
1994-12-01,25,35,34,0.9714
1994-12-01,26,35,34,0.9714
1994-12-01,27,35,34,0.9714
1994-12-01,28,35,35,1.0
1994-12-01,29,35,34,0.9714
1994-12-01,30,35,34,0.9714
1994-12-01,31,35,35,1.0
1994-12-01,32,35,34,0.9714
1994-12-01,33,35,34,0.9714
1994-12-01,34,35,35,1.0
1994-12-01,35,35,34,0.9714
1994-12-01,36,35,35,1.0
1994-12-01,37,35,34,0.9714
1994-12-01,38,35,35,1.0
1994-12-01,39,35,35,1.0
1994-12-01,40,35,34,0.9714
1994-12-01,41,35,35,1.0
1994-12-01,42,35,35,1.0
1994-12-01,43,35,35,1.0
1994-12-01,44,35,34,0.9714
1994-12-01,45,35,34,0.9714
1994-12-01,46,35,34,0.9714
1994-12-01,47,35,34,0.9714
1994-12-01,48,35,34,0.9714
1995-01-01,0,64,9,0.1406
1995-01-01,1,64,34,0.5313
1995-01-01,2,64,53,0.8281
1995-01-01,3,64,60,0.9375
1995-01-01,4,64,63,0.9844
1995-01-01,5,64,63,0.9844
1995-01-01,6,64,63,0.9844
1995-01-01,7,64,63,0.9844
1995-01-01,8,64,63,0.9844
1995-01-01,9,64,63,0.9844
1995-01-01,10,64,63,0.9844
1995-01-01,11,64,63,0.9844
1995-01-01,12,64,63,0.9844
1995-01-01,13,64,63,0.9844
1995-01-01,14,64,63,0.9844
1995-01-01,15,64,64,1.0
1995-01-01,16,64,63,0.9844
1995-01-01,17,64,64,1.0
1995-01-01,18,64,63,0.9844
1995-01-01,19,64,63,0.9844
1995-01-01,20,64,63,0.9844
1995-01-01,21,64,63,0.9844
1995-01-01,22,64,63,0.9844
1995-01-01,23,64,63,0.9844
1995-01-01,24,64,63,0.9844
1995-01-01,25,64,63,0.9844
1995-01-01,26,64,63,0.9844
1995-01-01,27,64,63,0.9844
1995-01-01,28,64,63,0.9844
1995-01-01,29,64,64,1.0
1995-01-01,30,64,64,1.0
1995-01-01,31,64,64,1.0
1995-01-01,32,64,63,0.9844
1995-01-01,33,64,63,0.9844
1995-01-01,34,64,63,0.9844
1995-01-01,35,64,63,0.9844
1995-01-01,36,64,63,0.9844
1995-01-01,37,64,64,1.0
1995-01-01,38,64,63,0.9844
1995-01-01,39,64,64,1.0
1995-01-01,40,64,63,0.9844
1995-01-01,41,64,63,0.9844
1995-01-01,42,64,63,0.9844
1995-01-01,43,64,63,0.9844
1995-01-01,44,64,63,0.9844
1995-01-01,45,64,63,0.9844
1995-01-01,46,64,63,0.9844
1995-01-01,47,64,63,0.9844
1995-02-01,0,44,3,0.0682
1995-02-01,1,44,20,0.4545
1995-02-01,2,44,38,0.8636
1995-02-01,3,44,41,0.9318
1995-02-01,4,44,43,0.9773
1995-02-01,5,44,44,1.0
1995-02-01,6,44,44,1.0
1995-02-01,7,44,43,0.9773
1995-02-01,8,44,44,1.0
1995-02-01,9,44,43,0.9773
1995-02-01,10,44,44,1.0
1995-02-01,11,44,44,1.0
1995-02-01,12,44,43,0.9773
1995-02-01,13,44,44,1.0
1995-02-01,14,44,43,0.9773
1995-02-01,15,44,43,0.9773
1995-02-01,16,44,43,0.9773
1995-02-01,17,44,44,1.0
1995-02-01,18,44,43,0.9773
1995-02-01,19,44,43,0.9773
1995-02-01,20,44,44,1.0
1995-02-01,21,44,44,1.0
1995-02-01,22,44,43,0.9773
1995-02-01,23,44,44,1.0
1995-02-01,24,44,43,0.9773
1995-02-01,25,44,43,0.9773
1995-02-01,26,44,43,0.9773
1995-02-01,27,44,43,0.9773
1995-02-01,28,44,43,0.9773
1995-02-01,29,44,43,0.9773
1995-02-01,30,44,43,0.9773
1995-02-01,31,44,44,1.0
1995-02-01,32,44,44,1.0
1995-02-01,33,44,44,1.0
1995-02-01,34,44,43,0.9773
1995-02-01,35,44,43,0.9773
1995-02-01,36,44,44,1.0
1995-02-01,37,44,44,1.0
1995-02-01,38,44,44,1.0
1995-02-01,39,44,44,1.0
1995-02-01,40,44,43,0.9773
1995-02-01,41,44,44,1.0
1995-02-01,42,44,44,1.0
1995-02-01,43,44,43,0.9773
1995-02-01,44,44,44,1.0
1995-02-01,45,44,43,0.9773
1995-02-01,46,44,44,1.0
1995-03-01,0,48,6,0.125
1995-03-01,1,48,24,0.5
1995-03-01,2,48,44,0.9167
1995-03-01,3,48,47,0.9792
1995-03-01,4,48,48,1.0
1995-03-01,5,48,48,1.0
1995-03-01,6,48,48,1.0
1995-03-01,7,48,48,1.0
1995-03-01,8,48,48,1.0
1995-03-01,9,48,48,1.0
1995-03-01,10,48,48,1.0
1995-03-01,11,48,48,1.0
1995-03-01,12,48,48,1.0
1995-03-01,13,48,48,1.0
1995-03-01,14,48,48,1.0
1995-03-01,15,48,48,1.0
1995-03-01,16,48,48,1.0
1995-03-01,17,48,48,1.0
1995-03-01,18,48,48,1.0
1995-03-01,19,48,48,1.0
1995-03-01,20,48,48,1.0
1995-03-01,21,48,48,1.0
1995-03-01,22,48,48,1.0
1995-03-01,23,48,48,1.0
1995-03-01,24,48,48,1.0
1995-03-01,25,48,48,1.0
1995-03-01,26,48,48,1.0
1995-03-01,27,48,48,1.0
1995-03-01,28,48,48,1.0
1995-03-01,29,48,48,1.0
1995-03-01,30,48,48,1.0
1995-03-01,31,48,48,1.0
1995-03-01,32,48,48,1.0
1995-03-01,33,48,48,1.0
1995-03-01,34,48,48,1.0
1995-03-01,35,48,48,1.0
1995-03-01,36,48,48,1.0
1995-03-01,37,48,48,1.0
1995-03-01,38,48,48,1.0
1995-03-01,39,48,48,1.0
1995-03-01,40,48,48,1.0
1995-03-01,41,48,48,1.0
1995-03-01,42,48,48,1.0
1995-03-01,43,48,48,1.0
1995-03-01,44,48,48,1.0
1995-03-01,45,48,45,0.9375
1995-04-01,0,52,10,0.1923
1995-04-01,1,52,26,0.5
1995-04-01,2,52,43,0.8269
1995-04-01,3,52,50,0.9615
1995-04-01,4,52,51,0.9808
1995-04-01,5,52,51,0.9808
1995-04-01,6,52,51,0.9808
1995-04-01,7,52,51,0.9808
1995-04-01,8,52,50,0.9615
1995-04-01,9,52,52,1.0
1995-04-01,10,52,52,1.0
1995-04-01,11,52,52,1.0
1995-04-01,12,52,52,1.0
1995-04-01,13,52,52,1.0
1995-04-01,14,52,52,1.0
1995-04-01,15,52,52,1.0
1995-04-01,16,52,52,1.0
1995-04-01,17,52,51,0.9808
1995-04-01,18,52,51,0.9808
1995-04-01,19,52,51,0.9808
1995-04-01,20,52,51,0.9808
1995-04-01,21,52,51,0.9808
1995-04-01,22,52,51,0.9808
1995-04-01,23,52,52,1.0
1995-04-01,24,52,52,1.0
1995-04-01,25,52,52,1.0
1995-04-01,26,52,52,1.0
1995-04-01,27,52,52,1.0
1995-04-01,28,52,52,1.0
1995-04-01,29,52,52,1.0
1995-04-01,30,52,52,1.0
1995-04-01,31,52,52,1.0
1995-04-01,32,52,52,1.0
1995-04-01,33,52,52,1.0
1995-04-01,34,52,52,1.0
1995-04-01,35,52,52,1.0
1995-04-01,36,52,52,1.0
1995-04-01,37,52,52,1.0
1995-04-01,38,52,52,1.0
1995-04-01,39,52,52,1.0
1995-04-01,40,52,52,1.0
1995-04-01,41,52,52,1.0
1995-04-01,42,52,52,1.0
1995-04-01,43,52,52,1.0
1995-04-01,44,52,51,0.9808
1995-05-01,0,50,6,0.12
1995-05-01,1,50,32,0.64
1995-05-01,2,50,42,0.84
1995-05-01,3,50,44,0.88
1995-05-01,4,50,46,0.92
1995-05-01,5,50,45,0.9
1995-05-01,6,50,47,0.94
1995-05-01,7,50,48,0.96
1995-05-01,8,50,48,0.96
1995-05-01,9,50,49,0.98
1995-05-01,10,50,49,0.98
1995-05-01,11,50,48,0.96
1995-05-01,12,50,49,0.98
1995-05-01,13,50,49,0.98
1995-05-01,14,50,48,0.96
1995-05-01,15,50,49,0.98
1995-05-01,16,50,50,1.0
1995-05-01,17,50,48,0.96
1995-05-01,18,50,47,0.94
1995-05-01,19,50,48,0.96
1995-05-01,20,50,48,0.96
1995-05-01,21,50,47,0.94
1995-05-01,22,50,47,0.94
1995-05-01,23,50,48,0.96
1995-05-01,24,50,47,0.94
1995-05-01,25,50,49,0.98
1995-05-01,26,50,47,0.94
1995-05-01,27,50,49,0.98
1995-05-01,28,50,47,0.94
1995-05-01,29,50,48,0.96
1995-05-01,30,50,48,0.96
1995-05-01,31,50,49,0.98
1995-05-01,32,50,48,0.96
1995-05-01,33,50,49,0.98
1995-05-01,34,50,48,0.96
1995-05-01,35,50,49,0.98
1995-05-01,36,50,47,0.94
1995-05-01,37,50,48,0.96
1995-05-01,38,50,48,0.96
1995-05-01,39,50,47,0.94
1995-05-01,40,50,48,0.96
1995-05-01,41,50,48,0.96
1995-05-01,42,50,48,0.96
1995-05-01,43,50,48,0.96
1995-06-01,0,57,8,0.1404
1995-06-01,1,57,30,0.5263
1995-06-01,2,57,51,0.8947
1995-06-01,3,57,55,0.9649
1995-06-01,4,57,55,0.9649
1995-06-01,5,57,56,0.9825
1995-06-01,6,57,56,0.9825
1995-06-01,7,57,57,1.0
1995-06-01,8,57,56,0.9825
1995-06-01,9,57,56,0.9825
1995-06-01,10,57,56,0.9825
1995-06-01,11,57,57,1.0
1995-06-01,12,57,57,1.0
1995-06-01,13,57,56,0.9825
1995-06-01,14,57,57,1.0
1995-06-01,15,57,56,0.9825
1995-06-01,16,57,57,1.0
1995-06-01,17,57,55,0.9649
1995-06-01,18,57,57,1.0
1995-06-01,19,57,55,0.9649
1995-06-01,20,57,56,0.9825
1995-06-01,21,57,57,1.0
1995-06-01,22,57,56,0.9825
1995-06-01,23,57,57,1.0
1995-06-01,24,57,57,1.0
1995-06-01,25,57,57,1.0
1995-06-01,26,57,57,1.0
1995-06-01,27,57,57,1.0
1995-06-01,28,57,56,0.9825
1995-06-01,29,57,56,0.9825
1995-06-01,30,57,56,0.9825
1995-06-01,31,57,56,0.9825
1995-06-01,32,57,56,0.9825
1995-06-01,33,57,56,0.9825
1995-06-01,34,57,56,0.9825
1995-06-01,35,57,56,0.9825
1995-06-01,36,57,56,0.9825
1995-06-01,37,57,56,0.9825
1995-06-01,38,57,57,1.0
1995-06-01,39,57,56,0.9825
1995-06-01,40,57,56,0.9825
1995-06-01,41,57,56,0.9825
1995-06-01,42,57,55,0.9649
1995-07-01,0,48,6,0.125
1995-07-01,1,48,21,0.4375
1995-07-01,2,48,38,0.7917
1995-07-01,3,48,43,0.8958
1995-07-01,4,48,46,0.9583
1995-07-01,5,48,45,0.9375
1995-07-01,6,48,47,0.9792
1995-07-01,7,48,46,0.9583
1995-07-01,8,48,47,0.9792
1995-07-01,9,48,48,1.0
1995-07-01,10,48,48,1.0
1995-07-01,11,48,47,0.9792
1995-07-01,12,48,47,0.9792
1995-07-01,13,48,48,1.0
1995-07-01,14,48,47,0.9792
1995-07-01,15,48,48,1.0
1995-07-01,16,48,47,0.9792
1995-07-01,17,48,48,1.0
1995-07-01,18,48,48,1.0
1995-07-01,19,48,48,1.0
1995-07-01,20,48,48,1.0
1995-07-01,21,48,48,1.0
1995-07-01,22,48,48,1.0
1995-07-01,23,48,48,1.0
1995-07-01,24,48,48,1.0
1995-07-01,25,48,48,1.0
1995-07-01,26,48,48,1.0
1995-07-01,27,48,48,1.0
1995-07-01,28,48,48,1.0
1995-07-01,29,48,48,1.0
1995-07-01,30,48,48,1.0
1995-07-01,31,48,48,1.0
1995-07-01,32,48,48,1.0
1995-07-01,33,48,48,1.0
1995-07-01,34,48,48,1.0
1995-07-01,35,48,48,1.0
1995-07-01,36,48,48,1.0
1995-07-01,37,48,48,1.0
1995-07-01,38,48,48,1.0
1995-07-01,39,48,48,1.0
1995-07-01,40,48,48,1.0
1995-07-01,41,48,48,1.0
1995-08-01,0,58,4,0.069
1995-08-01,1,58,29,0.5
1995-08-01,2,58,50,0.8621
1995-08-01,3,58,56,0.9655
1995-08-01,4,58,58,1.0
1995-08-01,5,58,56,0.9655
1995-08-01,6,58,58,1.0
1995-08-01,7,58,58,1.0
1995-08-01,8,58,57,0.9828
1995-08-01,9,58,58,1.0
1995-08-01,10,58,58,1.0
1995-08-01,11,58,58,1.0
1995-08-01,12,58,58,1.0
1995-08-01,13,58,58,1.0
1995-08-01,14,58,58,1.0
1995-08-01,15,58,57,0.9828
1995-08-01,16,58,57,0.9828
1995-08-01,17,58,57,0.9828
1995-08-01,18,58,57,0.9828
1995-08-01,19,58,57,0.9828
1995-08-01,20,58,57,0.9828
1995-08-01,21,58,57,0.9828
1995-08-01,22,58,58,1.0
1995-08-01,23,58,58,1.0
1995-08-01,24,58,58,1.0
1995-08-01,25,58,57,0.9828
1995-08-01,26,58,58,1.0
1995-08-01,27,58,57,0.9828
1995-08-01,28,58,58,1.0
1995-08-01,29,58,57,0.9828
1995-08-01,30,58,57,0.9828
1995-08-01,31,58,57,0.9828
1995-08-01,32,58,57,0.9828
1995-08-01,33,58,58,1.0
1995-08-01,34,58,58,1.0
1995-08-01,35,58,58,1.0
1995-08-01,36,58,58,1.0
1995-08-01,37,58,58,1.0
1995-08-01,38,58,58,1.0
1995-08-01,39,58,58,1.0
1995-08-01,40,58,56,0.9655
1995-09-01,0,60,4,0.0667
1995-09-01,1,60,21,0.35
1995-09-01,2,60,47,0.7833
1995-09-01,3,60,54,0.9
1995-09-01,4,60,57,0.95
1995-09-01,5,60,56,0.9333
1995-09-01,6,60,56,0.9333
1995-09-01,7,60,56,0.9333
1995-09-01,8,60,58,0.9667
1995-09-01,9,60,59,0.9833
1995-09-01,10,60,58,0.9667
1995-09-01,11,60,58,0.9667
1995-09-01,12,60,58,0.9667
1995-09-01,13,60,57,0.95
1995-09-01,14,60,59,0.9833
1995-09-01,15,60,58,0.9667
1995-09-01,16,60,59,0.9833
1995-09-01,17,60,58,0.9667
1995-09-01,18,60,59,0.9833
1995-09-01,19,60,57,0.95
1995-09-01,20,60,58,0.9667
1995-09-01,21,60,58,0.9667
1995-09-01,22,60,58,0.9667
1995-09-01,23,60,58,0.9667
1995-09-01,24,60,58,0.9667
1995-09-01,25,60,58,0.9667
1995-09-01,26,60,57,0.95
1995-09-01,27,60,58,0.9667
1995-09-01,28,60,58,0.9667
1995-09-01,29,60,56,0.9333
1995-09-01,30,60,56,0.9333
1995-09-01,31,60,56,0.9333
1995-09-01,32,60,59,0.9833
1995-09-01,33,60,57,0.95
1995-09-01,34,60,57,0.95
1995-09-01,35,60,57,0.95
1995-09-01,36,60,58,0.9667
1995-09-01,37,60,59,0.9833
1995-09-01,38,60,58,0.9667
1995-09-01,39,60,57,0.95
1995-10-01,0,65,6,0.0923
1995-10-01,1,65,24,0.3692
1995-10-01,2,65,48,0.7385
1995-10-01,3,65,56,0.8615
1995-10-01,4,65,62,0.9538
1995-10-01,5,65,61,0.9385
1995-10-01,6,65,61,0.9385
1995-10-01,7,65,64,0.9846
1995-10-01,8,65,61,0.9385
1995-10-01,9,65,59,0.9077
1995-10-01,10,65,62,0.9538
1995-10-01,11,65,63,0.9692
1995-10-01,12,65,61,0.9385
1995-10-01,13,65,63,0.9692
1995-10-01,14,65,64,0.9846
1995-10-01,15,65,64,0.9846
1995-10-01,16,65,64,0.9846
1995-10-01,17,65,64,0.9846
1995-10-01,18,65,65,1.0
1995-10-01,19,65,65,1.0
1995-10-01,20,65,63,0.9692
1995-10-01,21,65,61,0.9385
1995-10-01,22,65,62,0.9538
1995-10-01,23,65,62,0.9538
1995-10-01,24,65,62,0.9538
1995-10-01,25,65,63,0.9692
1995-10-01,26,65,63,0.9692
1995-10-01,27,65,65,1.0
1995-10-01,28,65,63,0.9692
1995-10-01,29,65,63,0.9692
1995-10-01,30,65,64,0.9846
1995-10-01,31,65,62,0.9538
1995-10-01,32,65,63,0.9692
1995-10-01,33,65,63,0.9692
1995-10-01,34,65,63,0.9692
1995-10-01,35,65,62,0.9538
1995-10-01,36,65,64,0.9846
1995-10-01,37,65,63,0.9692
1995-10-01,38,65,62,0.9538
1995-11-01,0,65,8,0.1231
1995-11-01,1,65,39,0.6
1995-11-01,2,65,59,0.9077
1995-11-01,3,65,61,0.9385
1995-11-01,4,65,62,0.9538
1995-11-01,5,65,63,0.9692
1995-11-01,6,65,64,0.9846
1995-11-01,7,65,62,0.9538
1995-11-01,8,65,62,0.9538
1995-11-01,9,65,64,0.9846
1995-11-01,10,65,64,0.9846
1995-11-01,11,65,63,0.9692
1995-11-01,12,65,64,0.9846
1995-11-01,13,65,65,1.0
1995-11-01,14,65,63,0.9692
1995-11-01,15,65,64,0.9846
1995-11-01,16,65,64,0.9846
1995-11-01,17,65,64,0.9846
1995-11-01,18,65,63,0.9692
1995-11-01,19,65,64,0.9846
1995-11-01,20,65,64,0.9846
1995-11-01,21,65,65,1.0
1995-11-01,22,65,64,0.9846
1995-11-01,23,65,64,0.9846
1995-11-01,24,65,63,0.9692
1995-11-01,25,65,63,0.9692
1995-11-01,26,65,63,0.9692
1995-11-01,27,65,63,0.9692
1995-11-01,28,65,64,0.9846
1995-11-01,29,65,64,0.9846
1995-11-01,30,65,64,0.9846
1995-11-01,31,65,64,0.9846
1995-11-01,32,65,64,0.9846
1995-11-01,33,65,64,0.9846
1995-11-01,34,65,64,0.9846
1995-11-01,35,65,65,1.0
1995-11-01,36,65,64,0.9846
1995-11-01,37,65,64,0.9846
1995-12-01,0,50,10,0.2
1995-12-01,1,50,31,0.62
1995-12-01,2,50,46,0.92
1995-12-01,3,50,47,0.94
1995-12-01,4,50,47,0.94
1995-12-01,5,50,50,1.0
1995-12-01,6,50,49,0.98
1995-12-01,7,50,50,1.0
1995-12-01,8,50,50,1.0
1995-12-01,9,50,49,0.98
1995-12-01,10,50,49,0.98
1995-12-01,11,50,49,0.98
1995-12-01,12,50,49,0.98
1995-12-01,13,50,49,0.98
1995-12-01,14,50,50,1.0
1995-12-01,15,50,50,1.0
1995-12-01,16,50,50,1.0
1995-12-01,17,50,50,1.0
1995-12-01,18,50,49,0.98
1995-12-01,19,50,50,1.0
1995-12-01,20,50,50,1.0
1995-12-01,21,50,49,0.98
1995-12-01,22,50,50,1.0
1995-12-01,23,50,49,0.98
1995-12-01,24,50,49,0.98
1995-12-01,25,50,49,0.98
1995-12-01,26,50,49,0.98
1995-12-01,27,50,49,0.98
1995-12-01,28,50,49,0.98
1995-12-01,29,50,49,0.98
1995-12-01,30,50,49,0.98
1995-12-01,31,50,49,0.98
1995-12-01,32,50,49,0.98
1995-12-01,33,50,49,0.98
1995-12-01,34,50,49,0.98
1995-12-01,35,50,49,0.98
1995-12-01,36,50,49,0.98
1996-01-01,0,106,17,0.1604
1996-01-01,1,106,42,0.3962
1996-01-01,2,106,86,0.8113
1996-01-01,3,106,99,0.934
1996-01-01,4,106,99,0.934
1996-01-01,5,106,103,0.9717
1996-01-01,6,106,102,0.9623
1996-01-01,7,106,103,0.9717
1996-01-01,8,106,104,0.9811
1996-01-01,9,106,103,0.9717
1996-01-01,10,106,103,0.9717
1996-01-01,11,106,104,0.9811
1996-01-01,12,106,103,0.9717
1996-01-01,13,106,102,0.9623
1996-01-01,14,106,104,0.9811
1996-01-01,15,106,105,0.9906
1996-01-01,16,106,104,0.9811
1996-01-01,17,106,102,0.9623
1996-01-01,18,106,104,0.9811
1996-01-01,19,106,103,0.9717
1996-01-01,20,106,102,0.9623
1996-01-01,21,106,104,0.9811
1996-01-01,22,106,103,0.9717
1996-01-01,23,106,104,0.9811
1996-01-01,24,106,104,0.9811
1996-01-01,25,106,103,0.9717
1996-01-01,26,106,102,0.9623
1996-01-01,27,106,101,0.9528
1996-01-01,28,106,102,0.9623
1996-01-01,29,106,103,0.9717
1996-01-01,30,106,103,0.9717
1996-01-01,31,106,105,0.9906
1996-01-01,32,106,104,0.9811
1996-01-01,33,106,105,0.9906
1996-01-01,34,106,104,0.9811
1996-01-01,35,106,104,0.9811
1996-02-01,0,104,11,0.1058
1996-02-01,1,104,49,0.4712
1996-02-01,2,104,85,0.8173
1996-02-01,3,104,97,0.9327
1996-02-01,4,104,98,0.9423
1996-02-01,5,104,100,0.9615
1996-02-01,6,104,99,0.9519
1996-02-01,7,104,101,0.9712
1996-02-01,8,104,99,0.9519
1996-02-01,9,104,100,0.9615
1996-02-01,10,104,102,0.9808
1996-02-01,11,104,101,0.9712
1996-02-01,12,104,102,0.9808
1996-02-01,13,104,103,0.9904
1996-02-01,14,104,101,0.9712
1996-02-01,15,104,101,0.9712
1996-02-01,16,104,102,0.9808
1996-02-01,17,104,104,1.0
1996-02-01,18,104,103,0.9904
1996-02-01,19,104,102,0.9808
1996-02-01,20,104,102,0.9808
1996-02-01,21,104,102,0.9808
1996-02-01,22,104,103,0.9904
1996-02-01,23,104,104,1.0
1996-02-01,24,104,101,0.9712
1996-02-01,25,104,103,0.9904
1996-02-01,26,104,103,0.9904
1996-02-01,27,104,103,0.9904
1996-02-01,28,104,102,0.9808
1996-02-01,29,104,103,0.9904
1996-02-01,30,104,104,1.0
1996-02-01,31,104,103,0.9904
1996-02-01,32,104,102,0.9808
1996-02-01,33,104,103,0.9904
1996-02-01,34,104,103,0.9904
1996-03-01,0,124,15,0.121
1996-03-01,1,124,57,0.4597
1996-03-01,2,124,106,0.8548
1996-03-01,3,124,111,0.8952
1996-03-01,4,124,119,0.9597
1996-03-01,5,124,119,0.9597
1996-03-01,6,124,117,0.9435
1996-03-01,7,124,121,0.9758
1996-03-01,8,124,122,0.9839
1996-03-01,9,124,122,0.9839
1996-03-01,10,124,121,0.9758
1996-03-01,11,124,122,0.9839
1996-03-01,12,124,120,0.9677
1996-03-01,13,124,122,0.9839
1996-03-01,14,124,121,0.9758
1996-03-01,15,124,120,0.9677
1996-03-01,16,124,122,0.9839
1996-03-01,17,124,121,0.9758
1996-03-01,18,124,122,0.9839
1996-03-01,19,124,120,0.9677
1996-03-01,20,124,120,0.9677
1996-03-01,21,124,120,0.9677
1996-03-01,22,124,119,0.9597
1996-03-01,23,124,121,0.9758
1996-03-01,24,124,121,0.9758
1996-03-01,25,124,119,0.9597
1996-03-01,26,124,120,0.9677
1996-03-01,27,124,119,0.9597
1996-03-01,28,124,120,0.9677
1996-03-01,29,124,120,0.9677
1996-03-01,30,124,120,0.9677
1996-03-01,31,124,121,0.9758
1996-03-01,32,124,119,0.9597
1996-03-01,33,124,117,0.9435
1996-04-01,0,101,12,0.1188
1996-04-01,1,101,54,0.5347
1996-04-01,2,101,88,0.8713
1996-04-01,3,101,97,0.9604
1996-04-01,4,101,99,0.9802
1996-04-01,5,101,100,0.9901
1996-04-01,6,101,100,0.9901
1996-04-01,7,101,100,0.9901
1996-04-01,8,101,98,0.9703
1996-04-01,9,101,99,0.9802
1996-04-01,10,101,100,0.9901
1996-04-01,11,101,100,0.9901
1996-04-01,12,101,100,0.9901
1996-04-01,13,101,100,0.9901
1996-04-01,14,101,100,0.9901
1996-04-01,15,101,100,0.9901
1996-04-01,16,101,101,1.0
1996-04-01,17,101,101,1.0
1996-04-01,18,101,100,0.9901
1996-04-01,19,101,100,0.9901
1996-04-01,20,101,101,1.0
1996-04-01,21,101,101,1.0
1996-04-01,22,101,100,0.9901
1996-04-01,23,101,100,0.9901
1996-04-01,24,101,100,0.9901
1996-04-01,25,101,101,1.0
1996-04-01,26,101,101,1.0
1996-04-01,27,101,101,1.0
1996-04-01,28,101,100,0.9901
1996-04-01,29,101,100,0.9901
1996-04-01,30,101,101,1.0
1996-04-01,31,101,100,0.9901
1996-04-01,32,101,99,0.9802
1996-05-01,0,91,16,0.1758
1996-05-01,1,91,57,0.6264
1996-05-01,2,91,75,0.8242
1996-05-01,3,91,85,0.9341
1996-05-01,4,91,86,0.9451
1996-05-01,5,91,89,0.978
1996-05-01,6,91,89,0.978
1996-05-01,7,91,88,0.967
1996-05-01,8,91,88,0.967
1996-05-01,9,91,90,0.989
1996-05-01,10,91,89,0.978
1996-05-01,11,91,90,0.989
1996-05-01,12,91,89,0.978
1996-05-01,13,91,90,0.989
1996-05-01,14,91,89,0.978
1996-05-01,15,91,90,0.989
1996-05-01,16,91,89,0.978
1996-05-01,17,91,90,0.989
1996-05-01,18,91,90,0.989
1996-05-01,19,91,89,0.978
1996-05-01,20,91,90,0.989
1996-05-01,21,91,89,0.978
1996-05-01,22,91,89,0.978
1996-05-01,23,91,90,0.989
1996-05-01,24,91,90,0.989
1996-05-01,25,91,90,0.989
1996-05-01,26,91,90,0.989
1996-05-01,27,91,90,0.989
1996-05-01,28,91,90,0.989
1996-05-01,29,91,91,1.0
1996-05-01,30,91,91,1.0
1996-05-01,31,91,88,0.967
1996-06-01,0,113,14,0.1239
1996-06-01,1,113,59,0.5221
1996-06-01,2,113,96,0.8496
1996-06-01,3,113,105,0.9292
1996-06-01,4,113,108,0.9558
1996-06-01,5,113,110,0.9735
1996-06-01,6,113,111,0.9823
1996-06-01,7,113,110,0.9735
1996-06-01,8,113,108,0.9558
1996-06-01,9,113,111,0.9823
1996-06-01,10,113,110,0.9735
1996-06-01,11,113,109,0.9646
1996-06-01,12,113,109,0.9646
1996-06-01,13,113,110,0.9735
1996-06-01,14,113,112,0.9912
1996-06-01,15,113,111,0.9823
1996-06-01,16,113,111,0.9823
1996-06-01,17,113,110,0.9735
1996-06-01,18,113,108,0.9558
1996-06-01,19,113,110,0.9735
1996-06-01,20,113,109,0.9646
1996-06-01,21,113,112,0.9912
1996-06-01,22,113,110,0.9735
1996-06-01,23,113,109,0.9646
1996-06-01,24,113,110,0.9735
1996-06-01,25,113,110,0.9735
1996-06-01,26,113,109,0.9646
1996-06-01,27,113,112,0.9912
1996-06-01,28,113,111,0.9823
1996-06-01,29,113,111,0.9823
1996-06-01,30,113,107,0.9469
1996-07-01,0,137,15,0.1095
1996-07-01,1,137,70,0.5109
1996-07-01,2,137,114,0.8321
1996-07-01,3,137,128,0.9343
1996-07-01,4,137,126,0.9197
1996-07-01,5,137,134,0.9781
1996-07-01,6,137,134,0.9781
1996-07-01,7,137,135,0.9854
1996-07-01,8,137,135,0.9854
1996-07-01,9,137,135,0.9854
1996-07-01,10,137,137,1.0
1996-07-01,11,137,136,0.9927
1996-07-01,12,137,136,0.9927
1996-07-01,13,137,135,0.9854
1996-07-01,14,137,136,0.9927
1996-07-01,15,137,136,0.9927
1996-07-01,16,137,135,0.9854
1996-07-01,17,137,134,0.9781
1996-07-01,18,137,135,0.9854
1996-07-01,19,137,134,0.9781
1996-07-01,20,137,134,0.9781
1996-07-01,21,137,135,0.9854
1996-07-01,22,137,134,0.9781
1996-07-01,23,137,135,0.9854
1996-07-01,24,137,134,0.9781
1996-07-01,25,137,135,0.9854
1996-07-01,26,137,135,0.9854
1996-07-01,27,137,136,0.9927
1996-07-01,28,137,136,0.9927
1996-07-01,29,137,133,0.9708
1996-08-01,0,133,13,0.0977
1996-08-01,1,133,59,0.4436
1996-08-01,2,133,114,0.8571
1996-08-01,3,133,123,0.9248
1996-08-01,4,133,129,0.9699
1996-08-01,5,133,131,0.985
1996-08-01,6,133,130,0.9774
1996-08-01,7,133,130,0.9774
1996-08-01,8,133,131,0.985
1996-08-01,9,133,131,0.985
1996-08-01,10,133,130,0.9774
1996-08-01,11,133,130,0.9774
1996-08-01,12,133,131,0.985
1996-08-01,13,133,131,0.985
1996-08-01,14,133,130,0.9774
1996-08-01,15,133,129,0.9699
1996-08-01,16,133,131,0.985
1996-08-01,17,133,131,0.985
1996-08-01,18,133,131,0.985
1996-08-01,19,133,131,0.985
1996-08-01,20,133,131,0.985
1996-08-01,21,133,131,0.985
1996-08-01,22,133,131,0.985
1996-08-01,23,133,131,0.985
1996-08-01,24,133,131,0.985
1996-08-01,25,133,131,0.985
1996-08-01,26,133,131,0.985
1996-08-01,27,133,131,0.985
1996-08-01,28,133,131,0.985
1996-09-01,0,108,14,0.1296
1996-09-01,1,108,58,0.537
1996-09-01,2,108,89,0.8241
1996-09-01,3,108,105,0.9722
1996-09-01,4,108,108,1.0
1996-09-01,5,108,108,1.0
1996-09-01,6,108,108,1.0
1996-09-01,7,108,108,1.0
1996-09-01,8,108,108,1.0
1996-09-01,9,108,108,1.0
1996-09-01,10,108,108,1.0
1996-09-01,11,108,108,1.0
1996-09-01,12,108,108,1.0
1996-09-01,13,108,108,1.0
1996-09-01,14,108,107,0.9907
1996-09-01,15,108,108,1.0
1996-09-01,16,108,107,0.9907
1996-09-01,17,108,107,0.9907
1996-09-01,18,108,108,1.0
1996-09-01,19,108,108,1.0
1996-09-01,20,108,108,1.0
1996-09-01,21,108,108,1.0
1996-09-01,22,108,108,1.0
1996-09-01,23,108,108,1.0
1996-09-01,24,108,107,0.9907
1996-09-01,25,108,107,0.9907
1996-09-01,26,108,108,1.0
1996-09-01,27,108,108,1.0
1996-10-01,0,115,16,0.1391
1996-10-01,1,115,75,0.6522
1996-10-01,2,115,103,0.8957
1996-10-01,3,115,107,0.9304
1996-10-01,4,115,110,0.9565
1996-10-01,5,115,111,0.9652
1996-10-01,6,115,113,0.9826
1996-10-01,7,115,113,0.9826
1996-10-01,8,115,112,0.9739
1996-10-01,9,115,113,0.9826
1996-10-01,10,115,114,0.9913
1996-10-01,11,115,113,0.9826
1996-10-01,12,115,115,1.0
1996-10-01,13,115,113,0.9826
1996-10-01,14,115,113,0.9826
1996-10-01,15,115,113,0.9826
1996-10-01,16,115,114,0.9913
1996-10-01,17,115,114,0.9913
1996-10-01,18,115,113,0.9826
1996-10-01,19,115,114,0.9913
1996-10-01,20,115,114,0.9913
1996-10-01,21,115,113,0.9826
1996-10-01,22,115,113,0.9826
1996-10-01,23,115,113,0.9826
1996-10-01,24,115,113,0.9826
1996-10-01,25,115,111,0.9652
1996-10-01,26,115,111,0.9652
1996-11-01,0,106,10,0.0943
1996-11-01,1,106,56,0.5283
1996-11-01,2,106,91,0.8585
1996-11-01,3,106,100,0.9434
1996-11-01,4,106,102,0.9623
1996-11-01,5,106,104,0.9811
1996-11-01,6,106,105,0.9906
1996-11-01,7,106,105,0.9906
1996-11-01,8,106,106,1.0
1996-11-01,9,106,104,0.9811
1996-11-01,10,106,104,0.9811
1996-11-01,11,106,106,1.0
1996-11-01,12,106,104,0.9811
1996-11-01,13,106,104,0.9811
1996-11-01,14,106,103,0.9717
1996-11-01,15,106,104,0.9811
1996-11-01,16,106,106,1.0
1996-11-01,17,106,106,1.0
1996-11-01,18,106,105,0.9906
1996-11-01,19,106,105,0.9906
1996-11-01,20,106,105,0.9906
1996-11-01,21,106,105,0.9906
1996-11-01,22,106,104,0.9811
1996-11-01,23,106,106,1.0
1996-11-01,24,106,105,0.9906
1996-11-01,25,106,103,0.9717
1996-12-01,0,125,19,0.152
1996-12-01,1,125,73,0.584
1996-12-01,2,125,109,0.872
1996-12-01,3,125,116,0.928
1996-12-01,4,125,121,0.968
1996-12-01,5,125,121,0.968
1996-12-01,6,125,123,0.984
1996-12-01,7,125,121,0.968
1996-12-01,8,125,122,0.976
1996-12-01,9,125,122,0.976
1996-12-01,10,125,122,0.976
1996-12-01,11,125,122,0.976
1996-12-01,12,125,122,0.976
1996-12-01,13,125,122,0.976
1996-12-01,14,125,124,0.992
1996-12-01,15,125,123,0.984
1996-12-01,16,125,122,0.976
1996-12-01,17,125,122,0.976
1996-12-01,18,125,124,0.992
1996-12-01,19,125,124,0.992
1996-12-01,20,125,123,0.984
1996-12-01,21,125,122,0.976
1996-12-01,22,125,122,0.976
1996-12-01,23,125,123,0.984
1996-12-01,24,125,121,0.968
1997-01-01,0,66,9,0.1364
1997-01-01,1,66,30,0.4545
1997-01-01,2,66,52,0.7879
1997-01-01,3,66,58,0.8788
1997-01-01,4,66,62,0.9394
1997-01-01,5,66,62,0.9394
1997-01-01,6,66,62,0.9394
1997-01-01,7,66,64,0.9697
1997-01-01,8,66,63,0.9545
1997-01-01,9,66,62,0.9394
1997-01-01,10,66,64,0.9697
1997-01-01,11,66,64,0.9697
1997-01-01,12,66,65,0.9848
1997-01-01,13,66,64,0.9697
1997-01-01,14,66,63,0.9545
1997-01-01,15,66,64,0.9697
1997-01-01,16,66,63,0.9545
1997-01-01,17,66,65,0.9848
1997-01-01,18,66,64,0.9697
1997-01-01,19,66,64,0.9697
1997-01-01,20,66,65,0.9848
1997-01-01,21,66,63,0.9545
1997-01-01,22,66,63,0.9545
1997-01-01,23,66,63,0.9545
1997-02-01,0,79,8,0.1013
1997-02-01,1,79,37,0.4684
1997-02-01,2,79,70,0.8861
1997-02-01,3,79,76,0.962
1997-02-01,4,79,77,0.9747
1997-02-01,5,79,76,0.962
1997-02-01,6,79,76,0.962
1997-02-01,7,79,77,0.9747
1997-02-01,8,79,79,1.0
1997-02-01,9,79,78,0.9873
1997-02-01,10,79,76,0.962
1997-02-01,11,79,78,0.9873
1997-02-01,12,79,77,0.9747
1997-02-01,13,79,76,0.962
1997-02-01,14,79,75,0.9494
1997-02-01,15,79,77,0.9747
1997-02-01,16,79,77,0.9747
1997-02-01,17,79,78,0.9873
1997-02-01,18,79,77,0.9747
1997-02-01,19,79,78,0.9873
1997-02-01,20,79,77,0.9747
1997-02-01,21,79,77,0.9747
1997-02-01,22,79,77,0.9747
1997-03-01,0,65,8,0.1231
1997-03-01,1,65,35,0.5385
1997-03-01,2,65,55,0.8462
1997-03-01,3,65,60,0.9231
1997-03-01,4,65,61,0.9385
1997-03-01,5,65,63,0.9692
1997-03-01,6,65,63,0.9692
1997-03-01,7,65,64,0.9846
1997-03-01,8,65,65,1.0
1997-03-01,9,65,65,1.0
1997-03-01,10,65,64,0.9846
1997-03-01,11,65,65,1.0
1997-03-01,12,65,63,0.9692
1997-03-01,13,65,64,0.9846
1997-03-01,14,65,64,0.9846
1997-03-01,15,65,64,0.9846
1997-03-01,16,65,64,0.9846
1997-03-01,17,65,64,0.9846
1997-03-01,18,65,62,0.9538
1997-03-01,19,65,62,0.9538
1997-03-01,20,65,63,0.9692
1997-03-01,21,65,62,0.9538
1997-04-01,0,82,7,0.0854
1997-04-01,1,82,38,0.4634
1997-04-01,2,82,71,0.8659
1997-04-01,3,82,77,0.939
1997-04-01,4,82,80,0.9756
1997-04-01,5,82,78,0.9512
1997-04-01,6,82,81,0.9878
1997-04-01,7,82,80,0.9756
1997-04-01,8,82,80,0.9756
1997-04-01,9,82,81,0.9878
1997-04-01,10,82,80,0.9756
1997-04-01,11,82,80,0.9756
1997-04-01,12,82,81,0.9878
1997-04-01,13,82,80,0.9756
1997-04-01,14,82,79,0.9634
1997-04-01,15,82,82,1.0
1997-04-01,16,82,81,0.9878
1997-04-01,17,82,80,0.9756
1997-04-01,18,82,79,0.9634
1997-04-01,19,82,80,0.9756
1997-04-01,20,82,80,0.9756
1997-05-01,0,83,10,0.1205
1997-05-01,1,83,46,0.5542
1997-05-01,2,83,76,0.9157
1997-05-01,3,83,79,0.9518
1997-05-01,4,83,82,0.988
1997-05-01,5,83,82,0.988
1997-05-01,6,83,81,0.9759
1997-05-01,7,83,81,0.9759
1997-05-01,8,83,82,0.988
1997-05-01,9,83,83,1.0
1997-05-01,10,83,83,1.0
1997-05-01,11,83,83,1.0
1997-05-01,12,83,83,1.0
1997-05-01,13,83,82,0.988
1997-05-01,14,83,81,0.9759
1997-05-01,15,83,81,0.9759
1997-05-01,16,83,81,0.9759
1997-05-01,17,83,81,0.9759
1997-05-01,18,83,82,0.988
1997-05-01,19,83,80,0.9639
1997-06-01,0,74,9,0.1216
1997-06-01,1,74,42,0.5676
1997-06-01,2,74,61,0.8243
1997-06-01,3,74,67,0.9054
1997-06-01,4,74,69,0.9324
1997-06-01,5,74,72,0.973
1997-06-01,6,74,73,0.9865
1997-06-01,7,74,72,0.973
1997-06-01,8,74,72,0.973
1997-06-01,9,74,70,0.9459
1997-06-01,10,74,72,0.973
1997-06-01,11,74,70,0.9459
1997-06-01,12,74,71,0.9595
1997-06-01,13,74,72,0.973
1997-06-01,14,74,72,0.973
1997-06-01,15,74,72,0.973
1997-06-01,16,74,71,0.9595
1997-06-01,17,74,72,0.973
1997-06-01,18,74,72,0.973
1997-07-01,0,79,12,0.1519
1997-07-01,1,79,37,0.4684
1997-07-01,2,79,63,0.7975
1997-07-01,3,79,75,0.9494
1997-07-01,4,79,78,0.9873
1997-07-01,5,79,78,0.9873
1997-07-01,6,79,78,0.9873
1997-07-01,7,79,78,0.9873
1997-07-01,8,79,78,0.9873
1997-07-01,9,79,78,0.9873
1997-07-01,10,79,78,0.9873
1997-07-01,11,79,79,1.0
1997-07-01,12,79,79,1.0
1997-07-01,13,79,78,0.9873
1997-07-01,14,79,78,0.9873
1997-07-01,15,79,79,1.0
1997-07-01,16,79,78,0.9873
1997-07-01,17,79,77,0.9747
1997-08-01,0,83,11,0.1325
1997-08-01,1,83,41,0.494
1997-08-01,2,83,71,0.8554
1997-08-01,3,83,77,0.9277
1997-08-01,4,83,82,0.988
1997-08-01,5,83,80,0.9639
1997-08-01,6,83,81,0.9759
1997-08-01,7,83,81,0.9759
1997-08-01,8,83,81,0.9759
1997-08-01,9,83,83,1.0
1997-08-01,10,83,82,0.988
1997-08-01,11,83,83,1.0
1997-08-01,12,83,83,1.0
1997-08-01,13,83,83,1.0
1997-08-01,14,83,82,0.988
1997-08-01,15,83,82,0.988
1997-08-01,16,83,81,0.9759
1997-09-01,0,83,11,0.1325
1997-09-01,1,83,40,0.4819
1997-09-01,2,83,67,0.8072
1997-09-01,3,83,77,0.9277
1997-09-01,4,83,81,0.9759
1997-09-01,5,83,83,1.0
1997-09-01,6,83,82,0.988
1997-09-01,7,83,81,0.9759
1997-09-01,8,83,82,0.988
1997-09-01,9,83,82,0.988
1997-09-01,10,83,83,1.0
1997-09-01,11,83,82,0.988
1997-09-01,12,83,83,1.0
1997-09-01,13,83,83,1.0
1997-09-01,14,83,83,1.0
1997-09-01,15,83,80,0.9639
1997-10-01,0,78,9,0.1154
1997-10-01,1,78,40,0.5128
1997-10-01,2,78,65,0.8333
1997-10-01,3,78,75,0.9615
1997-10-01,4,78,74,0.9487
1997-10-01,5,78,77,0.9872
1997-10-01,6,78,77,0.9872
1997-10-01,7,78,77,0.9872
1997-10-01,8,78,78,1.0
1997-10-01,9,78,78,1.0
1997-10-01,10,78,78,1.0
1997-10-01,11,78,76,0.9744
1997-10-01,12,78,77,0.9872
1997-10-01,13,78,77,0.9872
1997-10-01,14,78,76,0.9744
1997-11-01,0,62,7,0.1129
1997-11-01,1,62,34,0.5484
1997-11-01,2,62,54,0.871
1997-11-01,3,62,58,0.9355
1997-11-01,4,62,61,0.9839
1997-11-01,5,62,61,0.9839
1997-11-01,6,62,61,0.9839
1997-11-01,7,62,61,0.9839
1997-11-01,8,62,62,1.0
1997-11-01,9,62,61,0.9839
1997-11-01,10,62,62,1.0
1997-11-01,11,62,62,1.0
1997-11-01,12,62,61,0.9839
1997-11-01,13,62,60,0.9677
1997-12-01,0,64,10,0.1563
1997-12-01,1,64,36,0.5625
1997-12-01,2,64,49,0.7656
1997-12-01,3,64,58,0.9063
1997-12-01,4,64,58,0.9063
1997-12-01,5,64,60,0.9375
1997-12-01,6,64,61,0.9531
1997-12-01,7,64,60,0.9375
1997-12-01,8,64,62,0.9688
1997-12-01,9,64,61,0.9531
1997-12-01,10,64,60,0.9375
1997-12-01,11,64,60,0.9375
1997-12-01,12,64,60,0.9375
