loan_id,account_id,loan_date,loan_amount_czk,duration_months,monthly_payment_czk,loan_status,loan_status_label,observed_problem_loan,opened_date,account_tenure_months_at_loan,owner_age_at_dataset_end,owner_gender,region_name,card_count,latest_balance_czk
6216,5952,1994-09-30,141240.0,24,5885.0,A,completed_good,false,1993-09-07,12,36,M,east Bohemia,1,72327.1
6278,6265,1997-06-10,87360.0,24,3640.0,C,active_good,false,1996-11-01,7,61,M,central Bohemia,1,34409.0
6294,6353,1995-02-12,79920.0,60,1332.0,C,active_good,false,1993-11-26,15,45,M,west Bohemia,1,66200.6
6585,7795,1996-10-29,372120.0,60,6202.0,C,active_good,false,1995-01-05,21,53,M,south Moravia,1,73183.4
6600,7861,1995-10-08,21852.0,36,607.0,A,completed_good,false,1995-04-22,6,44,M,north Bohemia,1,90366.2
6607,7894,1997-10-21,153144.0,36,4254.0,C,active_good,false,1996-04-09,18,29,M,west Bohemia,1,44600.1
6644,8039,1996-10-20,93600.0,24,3900.0,A,completed_good,false,1995-12-17,10,26,M,central Bohemia,1,64749.6
5110,675,1997-04-01,102240.0,60,1704.0,C,active_good,false,1995-08-03,20,53,F,south Moravia,1,66956.4
6064,5215,1994-08-04,14628.0,12,1219.0,A,completed_good,false,1993-07-01,13,49,F,south Moravia,1,69283.0
5624,3166,1995-01-03,177744.0,48,3703.0,D,active_delinquent,true,1993-08-10,17,26,M,south Moravia,1,65363.9
7176,10663,1995-10-28,260028.0,36,7223.0,A,completed_good,false,1993-12-08,22,22,M,central Bohemia,1,37967.4
7240,11013,1993-09-06,274740.0,60,4579.0,A,completed_good,false,1993-02-14,7,20,M,south Moravia,1,85131.6
6063,5213,1996-04-25,320976.0,48,6687.0,D,active_delinquent,true,1995-08-18,8,62,M,Prague,1,89092.2
6322,6510,1997-05-06,76992.0,24,3208.0,C,active_good,false,1996-12-18,5,33,M,north Moravia,1,43706.7
6464,7156,1998-04-16,49488.0,24,2062.0,C,active_good,false,1997-09-11,7,57,F,north Moravia,1,59759.7
6577,7753,1994-03-11,51696.0,24,2154.0,A,completed_good,false,1993-02-08,13,30,F,north Moravia,1,60100.6
6667,8127,1996-07-15,155880.0,24,6495.0,A,completed_good,false,1994-10-13,21,30,F,north Bohemia,1,106119.3
6678,8173,1994-05-20,80340.0,12,6695.0,A,completed_good,false,1993-07-05,10,22,F,Prague,1,70830.1
6836,9093,1994-08-03,189300.0,60,3155.0,C,active_good,false,1993-06-16,14,45,M,south Moravia,1,59088.0
6888,9265,1994-07-11,39576.0,12,3298.0,A,completed_good,false,1993-02-04,17,18,F,north Bohemia,1,85904.4
6938,9504,1997-03-10,341280.0,60,5688.0,C,active_good,false,1996-01-29,14,49,M,central Bohemia,1,17756.8
5644,3293,1998-11-27,276084.0,36,7669.0,C,active_good,false,1997-08-08,15,34,F,Prague,1,65249.4
5060,426,1994-07-19,252060.0,60,4201.0,D,active_delinquent,true,1993-11-29,8,33,F,south Moravia,0,29030.2
5445,2322,1996-06-29,46320.0,24,1930.0,A,completed_good,false,1995-01-02,17,19,M,north Bohemia,0,16987.7
5479,2486,1994-01-10,24516.0,12,2043.0,A,completed_good,false,1993-02-27,11,40,M,Prague,0,75669.7
6175,5735,1996-02-21,290700.0,60,4845.0,D,active_delinquent,true,1995-01-25,13,39,F,east Bohemia,0,89024.8
6228,6034,1993-12-01,464520.0,60,7742.0,B,completed_default,true,1993-03-19,9,58,F,north Moravia,0,63892.0
6402,6922,1998-12-06,139488.0,24,5812.0,C,active_good,false,1997-05-12,19,29,M,central Bohemia,0,79937.2
6461,7136,1996-09-19,74124.0,36,2059.0,C,active_good,false,1995-04-09,17,59,F,central Bohemia,0,30364.0
6534,7542,1997-10-19,590820.0,60,9847.0,C,active_good,false,1996-05-16,17,31,M,south Moravia,0,64726.6
6624,7965,1994-09-30,71460.0,12,5955.0,A,completed_good,false,1993-11-08,10,53,M,south Moravia,0,61531.7
6705,8381,1997-07-25,333648.0,48,6951.0,D,active_delinquent,true,1996-09-17,10,22,F,south Bohemia,0,11054.7
6011,4981,1996-11-28,179328.0,48,3736.0,C,active_good,false,1996-01-22,10,25,M,south Moravia,0,15770.4
6012,4994,1996-08-03,258444.0,36,7179.0,C,active_good,false,1996-01-11,7,32,M,Prague,0,32733.6
6137,5574,1996-04-10,44628.0,12,3719.0,A,completed_good,false,1994-07-14,21,55,M,central Bohemia,0,57219.8
6229,6040,1994-10-02,11736.0,24,489.0,A,completed_good,false,1993-04-22,18,60,M,Prague,0,22611.3
6357,6706,1998-07-12,64860.0,60,1081.0,C,active_good,false,1996-12-28,19,19,F,north Bohemia,0,46144.7
6470,7181,1998-05-17,49872.0,12,4156.0,C,active_good,false,1996-07-02,22,31,F,north Moravia,0,83607.3
6568,7713,1998-02-25,220440.0,60,3674.0,C,active_good,false,1996-05-25,21,43,F,east Bohemia,0,86325.5
6647,8051,1994-06-01,208320.0,48,4340.0,A,completed_good,false,1993-02-07,16,30,F,west Bohemia,0,23793.7
6808,8982,1994-10-12,227880.0,36,6330.0,A,completed_good,false,1993-09-25,13,43,F,south Moravia,0,92039.6
5207,1244,1997-02-28,35904.0,48,748.0,C,active_good,false,1996-05-08,9,52,M,north Moravia,0,18842.1
5741,3754,1996-11-03,68544.0,24,2856.0,A,completed_good,false,1996-02-19,9,22,M,north Bohemia,0,77383.8
5754,3834,1994-09-28,23052.0,12,1921.0,A,completed_good,false,1993-01-19,20,58,F,south Moravia,0,30658.0
5226,1318,1998-10-11,185544.0,36,5154.0,C,active_good,false,1997-12-22,10,59,M,south Moravia,0,34196.7
5368,2073,1998-10-05,44640.0,24,1860.0,C,active_good,false,1997-08-14,14,41,M,south Moravia,0,36891.5
5856,4320,1997-08-09,51360.0,12,4280.0,B,completed_default,true,1996-07-23,13,53,F,south Moravia,0,40027.4
5160,1011,1995-12-18,204000.0,60,3400.0,C,active_good,false,1994-12-17,12,54,M,east Bohemia,0,56593.8
5593,3037,1996-04-18,277884.0,36,7719.0,D,active_delinquent,true,1994-05-26,23,18,F,east Bohemia,0,6041.7
6810,9006,1996-06-08,186384.0,48,3883.0,C,active_good,false,1994-09-02,21,39,M,north Bohemia,0,77264.6
6817,9024,1996-10-04,70656.0,48,1472.0,C,active_good,false,1996-01-05,9,46,M,Prague,0,37163.3
6855,9153,1998-03-01,52236.0,36,1451.0,C,active_good,false,1996-12-12,15,60,M,central Bohemia,0,53869.2
7035,10005,1998-07-29,210744.0,36,5854.0,C,active_good,false,1997-11-29,8,20,M,south Moravia,0,53811.1
7246,11054,1996-08-20,148920.0,60,2482.0,C,active_good,false,1996-02-01,6,21,M,south Moravia,0,53050.4
6377,6792,1997-03-17,17184.0,12,1432.0,A,completed_good,false,1996-05-11,10,54,F,Prague,0,40887.1
6421,6985,1996-07-25,96768.0,36,2688.0,C,active_good,false,1995-07-27,12,30,F,north Bohemia,0,64959.0
6469,7180,1998-11-17,99744.0,24,4156.0,C,active_good,false,1997-06-12,17,27,F,central Bohemia,0,82340.2
6562,7674,1997-03-21,94488.0,24,3937.0,C,active_good,false,1996-07-21,8,40,M,Prague,0,25288.3
6682,8225,1998-03-30,36204.0,12,3017.0,D,active_delinquent,true,1996-12-07,15,60,M,east Bohemia,0,37568.5
6950,9591,1995-04-11,104712.0,24,4363.0,A,completed_good,false,1993-05-20,23,54,M,north Moravia,0,5567.8
5145,915,1995-09-16,309552.0,48,6449.0,C,active_good,false,1995-01-18,8,63,M,north Moravia,0,81327.2
5804,4079,1995-04-05,158976.0,48,3312.0,C,active_good,false,1993-11-03,17,59,M,east Bohemia,0,29351.9
5815,4116,1998-06-03,151200.0,36,4200.0,C,active_good,false,1997-10-05,8,52,M,central Bohemia,0,93376.1
5882,4427,1994-09-26,87816.0,12,7318.0,A,completed_good,false,1993-06-07,15,37,M,Prague,0,14225.5
6072,5256,1994-05-10,193968.0,36,5388.0,A,completed_good,false,1993-10-25,7,26,M,north Moravia,0,45535.5
6077,5270,1993-11-22,79608.0,24,3317.0,A,completed_good,false,1993-01-13,10,28,M,east Bohemia,0,95340.6
6088,5317,1997-03-07,90180.0,36,2505.0,C,active_good,false,1996-10-20,5,38,M,west Bohemia,0,19937.4
6120,5481,1994-09-11,209184.0,48,4358.0,A,completed_good,false,1993-08-16,13,45,M,Prague,0,96224.5
5351,1978,1994-12-04,205200.0,36,5700.0,A,completed_good,false,1993-06-11,18,35,F,Prague,0,68036.9
5352,1993,1995-04-15,68400.0,12,5700.0,B,completed_default,true,1994-10-30,6,22,F,north Moravia,0,51911.2
5799,4052,1997-12-28,106128.0,36,2948.0,C,active_good,false,1997-01-25,11,20,M,north Bohemia,0,36806.5
5823,4144,1998-06-21,212976.0,36,5916.0,C,active_good,false,1996-08-19,22,25,F,Prague,0,33055.8
5876,4413,1995-02-08,221280.0,48,4610.0,C,active_good,false,1994-01-15,13,30,M,north Moravia,0,24178.7
5909,4550,1998-01-03,61320.0,60,1022.0,C,active_good,false,1997-02-06,11,51,F,south Moravia,0,27178.9
5750,3804,1996-02-08,63252.0,12,5271.0,A,completed_good,false,1994-04-07,22,49,F,central Bohemia,0,39897.5
5773,3907,1998-03-16,133848.0,24,5577.0,C,active_good,false,1996-04-18,23,38,F,north Bohemia,0,45526.9
5973,4784,1997-11-24,219456.0,48,4572.0,C,active_good,false,1997-08-08,3,38,F,east Bohemia,0,76124.1
6169,5700,1995-03-16,103680.0,60,1728.0,D,active_delinquent,true,1993-07-20,20,27,M,east Bohemia,0,-4887.5
6805,8972,1996-12-21,45024.0,48,938.0,C,active_good,false,1996-05-21,7,41,F,north Moravia,0,29603.7
6851,9138,1997-06-03,272220.0,60,4537.0,D,active_delinquent,true,1996-07-18,11,52,F,west Bohemia,0,24729.1
6861,9179,1998-02-28,215040.0,60,3584.0,C,active_good,false,1997-01-21,13,38,F,west Bohemia,0,34946.9
6872,9227,1998-04-29,191580.0,60,3193.0,C,active_good,false,1997-11-04,5,32,F,east Bohemia,0,15191.9
6944,9548,1996-11-15,46176.0,48,962.0,C,active_good,false,1996-06-07,5,32,M,south Moravia,0,91829.1
6949,9583,1995-12-12,104712.0,24,4363.0,A,completed_good,false,1994-05-22,19,28,F,west Bohemia,0,66508.2
6955,9627,1995-11-22,244368.0,48,5091.0,C,active_good,false,1994-07-22,16,28,M,south Moravia,0,77031.5
6961,9645,1996-06-06,176148.0,36,4893.0,C,active_good,false,1996-01-23,5,35,F,north Bohemia,0,26525.3
6986,9750,1995-02-11,151728.0,48,3161.0,D,active_delinquent,true,1994-05-16,9,22,M,north Moravia,0,108857.0
7138,10440,1995-07-03,60000.0,60,1000.0,C,active_good,false,1993-09-13,22,52,M,east Bohemia,0,48985.6
7142,10451,1994-12-19,482940.0,60,8049.0,D,active_delinquent,true,1993-08-29,16,22,F,Prague,0,13695.0
7172,10652,1998-05-07,45720.0,12,3810.0,C,active_good,false,1997-03-18,14,20,F,Prague,0,44224.8
7194,10762,1996-09-17,68832.0,36,1912.0,C,active_good,false,1995-10-23,11,39,M,Prague,0,50909.7
7241,11021,1995-03-04,168984.0,24,7041.0,B,completed_default,true,1993-08-10,19,22,M,Prague,0,108432.0
7259,11111,1994-01-31,108144.0,36,3004.0,A,completed_good,false,1993-05-20,8,35,F,south Moravia,0,109173.0
5933,4631,1997-12-13,87528.0,24,3647.0,C,active_good,false,1996-12-12,12,47,M,north Moravia,1,77200.2
5363,2051,1997-04-22,293880.0,60,4898.0,D,active_delinquent,true,1995-11-08,17,23,F,south Moravia,1,92531.9
5719,3664,1997-09-20,271584.0,48,5658.0,C,active_good,false,1996-04-28,17,22,M,Prague,1,73355.4
5930,4616,1998-01-12,66696.0,24,2779.0,C,active_good,false,1997-09-24,4,22,M,Prague,1,63445.8
6793,8931,1997-01-30,186300.0,60,3105.0,C,active_good,false,1996-01-01,12,51,M,south Moravia,1,61459.2
5329,1862,1996-10-16,396120.0,60,6602.0,C,active_good,false,1995-04-15,18,48,F,south Bohemia,1,75553.3
5610,3112,1996-02-24,123216.0,48,2567.0,C,active_good,false,1994-08-12,18,21,F,north Bohemia,1,77827.5
5413,2227,1995-12-12,92976.0,24,3874.0,A,completed_good,false,1994-05-22,19,28,F,west Bohemia,1,54972.6
5428,2262,1998-12-02,230220.0,36,6395.0,C,active_good,false,1997-02-08,22,48,M,central Bohemia,1,111214.2
5880,4423,1995-10-31,73836.0,36,2051.0,A,completed_good,false,1995-04-26,6,31,F,north Bohemia,1,68846.2
6059,5196,1997-12-28,79824.0,12,6652.0,A,completed_good,false,1997-06-29,6,42,M,central Bohemia,1,16954.3
6227,6030,1995-03-04,28248.0,24,1177.0,A,completed_good,false,1993-08-24,19,28,F,east Bohemia,1,75745.7
6407,6930,1994-05-26,25944.0,24,1081.0,A,completed_good,false,1993-09-08,8,38,F,north Bohemia,1,67783.5
6550,7614,1996-05-18,320592.0,48,6679.0,C,active_good,false,1995-02-08,15,28,F,south Moravia,1,56197.3
6599,7859,1996-11-19,72120.0,12,6010.0,A,completed_good,false,1995-03-14,20,46,F,east Bohemia,1,124542.5
7050,10065,1997-09-23,311232.0,48,6484.0,C,active_good,false,1996-03-30,18,52,F,north Moravia,1,93433.2
7055,10079,1994-04-06,167100.0,60,2785.0,C,active_good,false,1993-05-06,11,28,F,south Moravia,1,22377.2
7130,10411,1996-12-11,123408.0,24,5142.0,A,completed_good,false,1995-11-23,13,34,M,north Bohemia,1,62005.0
5862,4342,1997-12-09,100128.0,24,4172.0,C,active_good,false,1996-04-29,20,50,F,north Moravia,1,62482.7
5889,4456,1998-02-09,321240.0,60,5354.0,C,active_good,false,1996-09-03,17,28,M,south Bohemia,1,55904.3
5346,1928,1998-12-06,55632.0,24,2318.0,C,active_good,false,1997-03-02,21,50,M,north Moravia,0,33865.9
5599,3064,1995-03-21,15420.0,12,1285.0,A,completed_good,false,1993-05-23,22,33,F,Prague,0,56126.0
7279,11244,1997-12-11,155760.0,24,6490.0,C,active_good,false,1997-01-12,11,50,F,north Bohemia,0,19049.3
7284,11265,1993-09-15,52788.0,12,4399.0,A,completed_good,false,1993-01-14,8,25,M,south Bohemia,0,27390.8
5611,3115,1996-11-15,321180.0,60,5353.0,C,active_good,false,1996-03-27,8,62,M,south Bohemia,0,21995.1
5635,3230,1996-10-04,77184.0,36,2144.0,C,active_good,false,1995-03-11,19,44,F,Prague,0,107612.1
5638,3249,1997-08-27,68124.0,12,5677.0,A,completed_good,false,1996-10-11,10,41,M,north Moravia,0,57644.6
5665,3390,1998-03-11,40632.0,12,3386.0,C,active_good,false,1996-12-22,15,53,F,central Bohemia,0,51346.7
5683,3460,1998-05-29,140688.0,48,2931.0,C,active_good,false,1997-04-08,13,57,M,south Bohemia,0,9835.9
5158,1004,1998-04-11,188532.0,36,5237.0,C,active_good,false,1996-07-02,21,23,F,north Moravia,0,76546.3
5236,1374,1997-09-15,389136.0,48,8107.0,C,active_good,false,1996-09-26,12,31,M,south Moravia,0,37248.0
5253,1447,1997-06-03,100080.0,48,2085.0,C,active_good,false,1997-02-20,4,33,F,south Moravia,0,19511.9
5375,2106,1996-10-03,101520.0,12,8460.0,A,completed_good,false,1996-02-01,8,22,F,Prague,0,26879.5
5494,2572,1996-06-13,360000.0,48,7500.0,C,active_good,false,1994-11-13,19,25,F,south Moravia,0,91846.5
5682,3455,1997-03-07,67464.0,12,5622.0,A,completed_good,false,1996-03-13,12,63,M,north Bohemia,0,100118.0
5830,4190,1997-08-28,405780.0,60,6763.0,C,active_good,false,1995-10-04,22,47,M,south Moravia,0,22073.7
5931,4618,1997-03-17,66696.0,24,2779.0,D,active_delinquent,true,1996-07-21,8,32,F,central Bohemia,0,-5845.8
5938,4650,1996-08-25,402000.0,60,6700.0,C,active_good,false,1995-10-15,10,18,M,central Bohemia,0,42051.6
5956,4725,1997-11-04,168264.0,36,4674.0,C,active_good,false,1997-04-14,7,48,M,north Moravia,0,33453.7
6052,5164,1998-03-23,22356.0,36,621.0,C,active_good,false,1997-05-13,10,58,M,central Bohemia,0,18190.4
6076,5269,1997-02-02,117420.0,60,1957.0,C,active_good,false,1996-07-04,7,32,M,east Bohemia,0,59614.3
6151,5628,1995-04-25,225420.0,60,3757.0,C,active_good,false,1994-06-17,10,50,F,south Moravia,0,40557.8
7227,10942,1995-10-02,314520.0,60,5242.0,C,active_good,false,1994-06-05,16,43,F,east Bohemia,0,48417.2
5693,3489,1995-08-01,44088.0,24,1837.0,A,completed_good,false,1994-12-08,8,47,F,central Bohemia,0,46381.1
6272,6226,1994-12-20,398640.0,60,6644.0,C,active_good,false,1993-07-26,17,38,F,north Moravia,0,94872.8
6302,6397,1996-09-16,181020.0,60,3017.0,C,active_good,false,1995-03-15,18,32,F,east Bohemia,0,70147.4
6552,7632,1998-01-08,170448.0,48,3551.0,C,active_good,false,1996-09-22,16,55,F,north Moravia,0,55746.3
6553,7636,1998-01-26,42384.0,12,3532.0,C,active_good,false,1996-10-08,15,57,F,north Bohemia,0,30233.9
6594,7824,1994-09-28,189696.0,24,7904.0,B,completed_default,true,1994-05-17,4,28,F,south Moravia,0,28779.7
6694,8316,1995-03-19,134784.0,24,5616.0,A,completed_good,false,1994-06-04,9,58,F,north Moravia,0,121596.8
6790,8919,1998-06-08,76104.0,24,3171.0,C,active_good,false,1997-07-03,11,37,F,south Moravia,0,16761.2
6857,9159,1998-06-08,69600.0,48,1450.0,C,active_good,false,1996-08-02,22,29,M,south Moravia,0,62582.6
6871,9225,1997-04-13,164256.0,48,3422.0,C,active_good,false,1996-01-01,15,26,M,central Bohemia,0,88540.0
6926,9455,1998-02-07,374760.0,60,6246.0,C,active_good,false,1996-11-03,15,47,M,north Moravia,0,62397.8
4967,37,1998-10-14,318480.0,60,5308.0,D,active_delinquent,true,1997-08-18,14,46,M,south Bohemia,0,45904.5
5429,2268,1996-07-18,20196.0,36,561.0,C,active_good,false,1995-02-11,17,27,M,Prague,0,74334.4
5452,2352,1996-04-29,49440.0,60,824.0,C,active_good,false,1995-01-21,15,32,F,north Moravia,0,63982.3
5005,176,1997-04-10,27456.0,12,2288.0,A,completed_good,false,1996-08-12,8,31,M,north Moravia,0,71821.5
5046,349,1998-09-09,42816.0,12,3568.0,C,active_good,false,1997-06-08,15,61,M,north Moravia,0,16682.5
5082,501,1996-10-24,262980.0,60,4383.0,C,active_good,false,1995-10-21,12,32,F,central Bohemia,0,81774.5
5384,2142,1998-03-07,23328.0,12,1944.0,C,active_good,false,1997-09-01,6,34,F,east Bohemia,0,31577.9
5449,2343,1995-11-04,99336.0,24,4139.0,A,completed_good,false,1994-12-09,11,18,F,north Moravia,0,44533.1
5790,4033,1997-03-20,84288.0,48,1756.0,C,active_good,false,1996-11-19,4,21,F,south Moravia,0,38272.8
5976,4794,1997-12-27,465504.0,48,9698.0,D,active_delinquent,true,1996-12-18,12,36,M,north Moravia,0,6052.7
6004,4937,1994-07-23,143904.0,24,5996.0,A,completed_good,false,1993-02-20,17,47,M,east Bohemia,0,66596.6
6043,5126,1996-01-11,20352.0,48,424.0,C,active_good,false,1995-04-03,9,50,F,south Moravia,0,21359.9
6130,5541,1996-07-18,32640.0,48,680.0,C,active_good,false,1995-03-24,16,56,M,east Bohemia,0,65176.8
6210,5927,1994-06-06,87216.0,48,1817.0,B,completed_default,true,1993-11-26,7,34,M,south Bohemia,0,29980.7
6223,5991,1994-11-03,61056.0,48,1272.0,A,completed_good,false,1993-11-21,12,41,F,south Moravia,0,32064.0
6315,6472,1995-02-06,43164.0,12,3597.0,A,completed_good,false,1994-02-08,12,22,F,south Moravia,0,58992.2
6342,6609,1995-11-12,60156.0,36,1671.0,B,completed_default,true,1995-03-27,8,22,M,south Bohemia,0,99984.0
6354,6688,1996-10-23,22968.0,36,638.0,C,active_good,false,1996-06-25,4,48,F,south Bohemia,0,49966.4
6362,6738,1995-10-31,37908.0,12,3159.0,A,completed_good,false,1994-07-28,15,22,F,south Moravia,0,46885.4
5061,440,1998-03-13,84288.0,48,1756.0,C,active_good,false,1996-12-22,15,41,F,west Bohemia,0,59978.4
5072,472,1997-04-28,196800.0,24,8200.0,D,active_delinquent,true,1996-10-11,6,38,F,central Bohemia,0,30746.9
5918,4576,1994-06-04,300204.0,36,8339.0,A,completed_good,false,1993-06-05,12,34,M,south Moravia,0,53576.3
5970,4774,1995-07-09,465072.0,48,9689.0,C,active_good,false,1994-01-14,18,50,M,south Moravia,0,81686.4
6037,5118,1997-05-04,53232.0,48,1109.0,C,active_good,false,1995-08-05,21,34,M,north Moravia,0,31797.9
6103,5385,1994-04-07,149340.0,60,2489.0,C,active_good,false,1993-05-21,11,35,M,east Bohemia,0,36204.8
6104,5395,1997-09-05,158184.0,36,4394.0,C,active_good,false,1996-04-26,17,45,M,east Bohemia,0,37970.1
6113,5445,1997-10-01,78696.0,36,2186.0,C,active_good,false,1997-02-19,8,27,F,north Moravia,0,22118.2
6207,5912,1998-06-23,184620.0,60,3077.0,C,active_good,false,1996-10-25,20,35,F,east Bohemia,0,34943.0
6712,8405,1995-10-14,266220.0,60,4437.0,C,active_good,false,1994-05-10,17,33,F,south Bohemia,0,42103.7
6727,8505,1997-12-10,42840.0,12,3570.0,A,completed_good,false,1997-03-20,9,61,M,north Moravia,0,22754.9
6766,8784,1998-04-28,74352.0,24,3098.0,C,active_good,false,1996-10-16,18,41,F,Prague,0,66384.2
5940,4660,1997-05-28,106944.0,24,4456.0,C,active_good,false,1997-01-03,4,45,F,south Moravia,0,35159.9
5989,4852,1996-03-04,213300.0,36,5925.0,C,active_good,false,1995-04-13,11,34,M,east Bohemia,0,22870.2
6078,5283,1998-09-09,170832.0,48,3559.0,C,active_good,false,1997-09-18,12,28,M,south Bohemia,0,57825.4
6087,5313,1994-02-27,300660.0,60,5011.0,C,active_good,false,1993-04-29,10,48,M,north Bohemia,0,22567.7
6142,5591,1997-01-21,221880.0,60,3698.0,C,active_good,false,1996-03-16,10,55,F,central Bohemia,0,63946.8
6153,5632,1995-07-25,285600.0,60,4760.0,C,active_good,false,1994-11-15,8,18,F,central Bohemia,0,48404.8
6157,5650,1995-07-10,98592.0,24,4108.0,A,completed_good,false,1995-01-08,6,35,F,central Bohemia,0,42775.1
6234,6061,1998-05-28,5148.0,12,429.0,C,active_good,false,1997-03-08,14,35,F,Prague,0,51140.2
6237,6075,1998-01-06,407952.0,48,8499.0,D,active_delinquent,true,1996-09-15,16,24,F,south Bohemia,0,18036.6
6501,7418,1996-04-29,30276.0,12,2523.0,B,completed_default,true,1995-04-07,12,59,F,south Bohemia,0,16787.7
6541,7565,1997-08-17,153504.0,48,3198.0,C,active_good,false,1996-04-02,16,23,M,south Moravia,0,23779.0
6605,7890,1997-10-14,79344.0,48,1653.0,C,active_good,false,1996-03-26,19,47,F,west Bohemia,0,57445.1
6612,7907,1997-08-31,97392.0,12,8116.0,A,completed_good,false,1996-07-27,13,38,M,north Moravia,0,58825.6
6696,8321,1994-05-09,89040.0,60,1484.0,C,active_good,false,1993-04-12,13,28,F,north Moravia,0,64922.2
5260,1480,1998-01-19,123300.0,36,3425.0,C,active_good,false,1996-07-03,18,53,F,north Bohemia,1,29674.6
5301,1698,1996-07-06,141948.0,36,3943.0,C,active_good,false,1996-03-14,4,48,F,north Moravia,1,54674.1
5520,2699,1998-08-30,231168.0,48,4816.0,C,active_good,false,1996-12-25,20,20,F,north Moravia,1,52446.7
5549,2824,1994-07-16,50460.0,60,841.0,C,active_good,false,1993-10-20,9,51,F,central Bohemia,1,98065.5
5634,3229,1997-05-01,39024.0,12,3252.0,A,completed_good,false,1995-11-18,18,62,M,south Moravia,1,14288.4
5953,4715,1997-03-14,97176.0,24,4049.0,C,active_good,false,1996-10-28,5,43,F,central Bohemia,1,33537.8
5992,4863,1997-03-18,76080.0,12,6340.0,A,completed_good,false,1996-03-12,12,19,F,central Bohemia,1,60869.3
4986,97,1997-08-10,102876.0,12,8573.0,A,completed_good,false,1996-05-05,15,56,M,north Moravia,1,52583.8
4996,132,1996-11-06,88440.0,12,7370.0,A,completed_good,false,1996-05-11,6,53,F,north Bohemia,1,34556.6
5808,4099,1997-07-31,41856.0,48,872.0,C,active_good,false,1996-05-26,14,38,F,south Moravia,1,51533.6
6726,8492,1995-09-03,85860.0,60,1431.0,C,active_good,false,1994-06-29,15,43,F,central Bohemia,1,79560.6
6007,4949,1997-08-30,289920.0,48,6040.0,C,active_good,false,1996-10-14,10,54,F,north Bohemia,1,64557.3
6279,6273,1994-06-07,87360.0,24,3640.0,A,completed_good,false,1993-07-21,11,36,M,north Bohemia,1,65643.0
6338,6592,1997-08-24,390660.0,60,6511.0,C,active_good,false,1996-10-20,10,20,F,Prague,1,87956.2
6173,5724,1997-01-08,232560.0,48,4845.0,C,active_good,false,1995-04-19,21,59,F,south Bohemia,0,62314.9
6303,6400,1996-02-12,72408.0,24,3017.0,B,completed_default,true,1995-10-09,4,40,F,west Bohemia,0,13393.2
6309,6434,1996-11-11,110136.0,24,4589.0,A,completed_good,false,1995-05-08,18,40,F,Prague,0,38708.1
6316,6473,1994-05-26,76908.0,12,6409.0,B,completed_default,true,1993-01-26,16,52,F,central Bohemia,0,29843.3
6350,6678,1997-07-09,294384.0,48,6133.0,C,active_good,false,1996-01-03,18,32,F,south Moravia,0,25588.1
6356,6701,1993-12-08,95400.0,36,2650.0,A,completed_good,false,1993-03-15,9,27,M,central Bohemia,0,42266.0
6474,7190,1995-06-06,63360.0,60,1056.0,C,active_good,false,1993-09-06,21,43,M,east Bohemia,0,22731.3
6539,7559,1998-07-11,12792.0,12,1066.0,C,active_good,false,1997-05-24,14,25,F,south Moravia,0,50923.6
6580,7769,1994-05-22,196080.0,48,4085.0,A,completed_good,false,1993-10-03,7,40,M,west Bohemia,0,43923.7
6736,8558,1994-06-14,288360.0,60,4806.0,C,active_good,false,1994-02-27,4,63,M,Prague,0,27854.3
6819,9031,1997-05-03,50112.0,24,2088.0,C,active_good,false,1997-01-15,4,50,M,east Bohemia,0,18085.1
5169,1068,1998-09-24,253200.0,60,4220.0,C,active_good,false,1997-02-15,19,62,M,east Bohemia,0,30116.5
4968,38,1998-04-19,110736.0,48,2307.0,C,active_good,false,1997-08-08,8,58,F,south Bohemia,0,44580.5
5482,2496,1996-01-12,165120.0,60,2752.0,C,active_good,false,1994-05-21,20,48,F,east Bohemia,0,20778.7
5131,816,1995-01-08,48624.0,24,2026.0,A,completed_good,false,1993-08-05,17,37,M,north Bohemia,0,100958.1
5446,2334,1997-08-04,48312.0,24,2013.0,C,active_good,false,1996-03-19,17,40,M,east Bohemia,0,45832.9
5576,2962,1994-12-21,31248.0,12,2604.0,A,completed_good,false,1993-05-30,19,59,F,Prague,0,32824.4
5591,3021,1996-12-04,155616.0,48,3242.0,C,active_good,false,1996-04-20,8,39,F,central Bohemia,0,20170.3
6956,9631,1997-11-09,59448.0,24,2477.0,C,active_good,false,1996-06-25,17,41,M,central Bohemia,0,13166.1
6985,9731,1995-11-22,113796.0,36,3161.0,A,completed_good,false,1994-12-01,11,27,M,south Moravia,0,18842.3
7096,10257,1998-09-02,37812.0,12,3151.0,C,active_good,false,1997-05-01,16,33,F,west Bohemia,0,83199.6
7097,10266,1993-12-23,75624.0,24,3151.0,B,completed_default,true,1993-06-10,6,40,M,south Moravia,0,17053.1
7166,10630,1995-06-24,198240.0,24,8260.0,A,completed_good,false,1995-01-15,5,42,M,north Bohemia,0,36728.8
7200,10799,1998-07-11,31140.0,60,519.0,C,active_good,false,1997-08-19,11,21,M,north Moravia,0,56696.3
7308,11362,1996-12-27,129408.0,24,5392.0,A,completed_good,false,1995-10-14,14,36,F,north Moravia,0,38530.6
5319,1811,1994-06-23,239460.0,60,3991.0,C,active_good,false,1993-09-22,9,56,F,north Moravia,0,59939.3
5358,2018,1997-01-21,38520.0,12,3210.0,A,completed_good,false,1995-06-04,19,59,M,east Bohemia,0,18120.5
5740,3752,1995-04-02,18564.0,12,1547.0,A,completed_good,false,1994-11-25,5,35,F,Prague,0,89291.8
5245,1407,1998-01-17,125472.0,24,5228.0,C,active_good,false,1997-04-11,9,52,F,south Bohemia,0,74174.8
5724,3678,1995-02-05,316140.0,60,5269.0,D,active_delinquent,true,1993-03-24,23,30,M,Prague,0,-5680.2
6147,5602,1997-12-28,177504.0,48,3698.0,C,active_good,false,1996-07-10,17,54,M,south Bohemia,1,69552.4
6297,6363,1994-10-25,17508.0,12,1459.0,A,completed_good,false,1993-08-01,14,52,M,central Bohemia,1,70539.2
6313,6461,1997-06-15,150912.0,36,4192.0,C,active_good,false,1996-07-17,11,23,F,east Bohemia,1,25535.0
6643,8038,1998-01-18,35856.0,24,1494.0,C,active_good,false,1996-08-17,17,31,F,east Bohemia,1,77282.5
6645,8041,1994-11-06,140400.0,36,3900.0,A,completed_good,false,1993-10-10,13,57,M,north Moravia,1,101804.2
6732,8533,1996-09-19,174048.0,48,3626.0,C,active_good,false,1995-10-10,11,46,F,east Bohemia,1,41388.3
4989,105,1998-12-05,352704.0,48,7348.0,C,active_good,false,1997-07-10,17,48,F,south Bohemia,1,17221.3
5043,339,1997-12-25,468060.0,60,7801.0,C,active_good,false,1996-09-11,15,51,F,east Bohemia,1,97986.3
5586,2994,1996-09-14,48744.0,36,1354.0,C,active_good,false,1996-05-03,4,34,F,north Moravia,1,38418.0
5435,2279,1998-06-01,314688.0,48,6556.0,C,active_good,false,1996-10-30,20,24,M,central Bohemia,1,92183.3
7305,11359,1996-08-06,54024.0,12,4502.0,A,completed_good,false,1994-10-01,22,30,M,south Moravia,1,75200.4
5063,442,1997-07-10,357840.0,48,7455.0,D,active_delinquent,true,1997-03-30,4,57,F,south Moravia,0,54376.5
5533,2762,1994-07-05,111384.0,24,4641.0,A,completed_good,false,1993-03-20,16,31,M,central Bohemia,0,49768.9
5932,4626,1997-06-18,33348.0,12,2779.0,A,completed_good,false,1996-06-15,12,28,F,central Bohemia,0,59645.3
5942,4681,1997-03-15,162624.0,48,3388.0,C,active_good,false,1995-08-08,19,41,F,north Moravia,0,54270.4
6015,5001,1996-11-09,110112.0,24,4588.0,A,completed_good,false,1995-12-15,11,35,M,south Moravia,0,16017.3
6027,5066,1996-02-10,61656.0,24,2569.0,B,completed_default,true,1995-08-27,6,45,F,central Bohemia,0,59667.7
6066,5228,1994-07-11,173808.0,24,7242.0,A,completed_good,false,1993-06-23,13,41,F,north Moravia,0,36308.4
5293,1656,1998-10-29,189792.0,48,3954.0,C,active_good,false,1997-02-01,20,58,M,east Bohemia,0,45712.2
5320,1819,1998-01-11,143676.0,36,3991.0,C,active_good,false,1996-10-21,15,46,M,south Moravia,0,105344.1
6856,9156,1998-12-01,163332.0,36,4537.0,C,active_good,false,1997-09-14,15,61,M,south Bohemia,0,31681.8
6887,9263,1997-05-08,39576.0,12,3298.0,A,completed_good,false,1996-06-04,11,34,F,north Moravia,0,32233.8
6908,9353,1997-06-08,188616.0,24,7859.0,C,active_good,false,1995-11-03,19,60,M,south Moravia,0,31535.3
6969,9673,1998-09-12,88200.0,36,2450.0,C,active_good,false,1997-06-07,15,54,M,north Moravia,0,38854.0
7067,10134,1998-01-11,136368.0,24,5682.0,C,active_good,false,1997-04-26,9,29,M,west Bohemia,0,54589.7
7249,11065,1994-06-12,69360.0,48,1445.0,A,completed_good,false,1993-03-19,15,57,M,east Bohemia,0,37001.8
7255,11096,1997-06-09,213300.0,60,3555.0,C,active_good,false,1996-12-10,6,43,F,west Bohemia,0,64992.2
5130,813,1994-05-11,24312.0,12,2026.0,A,completed_good,false,1993-02-10,15,43,F,south Bohemia,0,35295.5
5138,854,1995-05-30,87216.0,48,1817.0,C,active_good,false,1993-09-21,20,44,F,Prague,0,44584.1
5285,1603,1994-02-06,78936.0,12,6578.0,A,completed_good,false,1993-05-09,9,41,F,west Bohemia,0,63752.6
5314,1787,1993-07-05,96396.0,12,8033.0,B,completed_default,true,1993-03-22,4,51,F,west Bohemia,0,5903.1
5525,2720,1998-04-27,93888.0,36,2608.0,C,active_good,false,1997-06-16,10,62,M,central Bohemia,0,75509.7
6336,6555,1994-03-31,212400.0,36,5900.0,A,completed_good,false,1993-03-05,12,32,F,north Bohemia,0,61619.8
6540,7562,1995-12-31,309600.0,48,6450.0,C,active_good,false,1995-01-17,11,23,M,north Moravia,0,79314.2
6544,7594,1997-12-11,130464.0,48,2718.0,C,active_good,false,1996-02-16,22,24,M,south Bohemia,0,33623.0
6591,7819,1995-02-02,20832.0,48,434.0,C,active_good,false,1993-08-01,18,50,M,north Bohemia,0,24062.7
6598,7857,1995-01-18,68112.0,12,5676.0,A,completed_good,false,1993-08-04,17,21,F,north Bohemia,0,79128.3
6763,8772,1997-06-19,88272.0,48,1839.0,C,active_good,false,1996-05-16,13,19,F,Prague,0,16597.4
6821,9037,1998-09-15,321936.0,48,6707.0,C,active_good,false,1996-10-22,23,37,F,Prague,0,58020.2
6824,9052,1997-02-26,71976.0,24,2999.0,D,active_delinquent,true,1995-08-30,18,33,M,east Bohemia,0,27755.0
6948,9560,1998-03-15,157068.0,36,4363.0,C,active_good,false,1997-07-13,8,27,F,Prague,0,56023.7
7187,10711,1997-12-24,24180.0,60,403.0,C,active_good,false,1996-07-08,17,60,M,north Bohemia,0,82019.9
6399,6902,1997-12-21,49320.0,36,1370.0,C,active_good,false,1996-10-22,14,32,M,south Moravia,0,18028.2
6437,7052,1997-11-09,63972.0,36,1777.0,D,active_delinquent,true,1997-07-17,4,51,M,south Moravia,0,30796.5
6495,7274,1998-03-12,49044.0,12,4087.0,C,active_good,false,1997-09-28,6,45,F,central Bohemia,0,30039.0
6613,7926,1996-09-22,84120.0,24,3505.0,A,completed_good,false,1996-06-09,3,48,F,north Moravia,0,69131.3
6642,8027,1994-06-05,77640.0,12,6470.0,A,completed_good,false,1993-07-07,11,31,M,west Bohemia,0,47114.1
6675,8158,1997-11-01,238716.0,36,6631.0,C,active_good,false,1996-06-16,17,34,M,east Bohemia,0,79297.5
6688,8268,1997-09-26,8616.0,24,359.0,C,active_good,false,1996-09-19,12,23,M,south Moravia,0,72583.4
6704,8377,1995-06-01,417060.0,60,6951.0,C,active_good,false,1993-11-20,19,37,F,west Bohemia,0,55336.6
6715,8411,1996-05-06,220620.0,60,3677.0,C,active_good,false,1994-12-02,17,55,F,south Bohemia,0,32673.4
6852,9140,1998-11-10,16032.0,48,334.0,C,active_good,false,1997-08-18,15,33,F,north Bohemia,0,13535.6
6878,9242,1997-01-24,23184.0,12,1932.0,A,completed_good,false,1996-03-15,10,19,F,south Moravia,0,44455.7
6959,9633,1997-06-30,59448.0,24,2477.0,D,active_delinquent,true,1996-01-08,17,46,M,north Moravia,0,6865.8
6998,9833,1994-05-21,97632.0,12,8136.0,A,completed_good,false,1993-07-24,10,30,F,south Bohemia,0,37755.9
7046,10049,1997-03-28,91632.0,12,7636.0,A,completed_good,false,1996-03-28,12,55,M,south Bohemia,0,14448.9
7049,10063,1997-06-24,233424.0,36,6484.0,C,active_good,false,1996-10-13,8,39,M,central Bohemia,0,50284.1
7151,10493,1998-02-18,133800.0,24,5575.0,C,active_good,false,1997-01-09,13,57,M,central Bohemia,0,91700.8
5124,785,1998-02-12,156096.0,36,4336.0,C,active_good,false,1997-08-09,6,46,M,south Bohemia,0,45646.4
5176,1106,1994-11-12,192552.0,24,8023.0,B,completed_default,true,1993-08-29,15,35,F,south Bohemia,0,920.5
5212,1256,1995-05-29,71064.0,36,1974.0,A,completed_good,false,1994-04-21,13,52,F,north Bohemia,0,38910.5
5414,2228,1995-03-29,185952.0,48,3874.0,C,active_good,false,1994-03-19,12,53,M,north Bohemia,0,20341.9
5420,2247,1997-02-24,72504.0,24,3021.0,C,active_good,false,1996-04-13,10,48,F,west Bohemia,0,28437.9
5491,2545,1998-02-13,428784.0,48,8933.0,C,active_good,false,1996-12-04,14,62,M,Prague,0,20173.7
5523,2705,1993-12-08,93888.0,36,2608.0,A,completed_good,false,1993-07-05,5,48,F,south Moravia,0,63346.6
5531,2753,1997-09-30,66432.0,24,2768.0,C,active_good,false,1996-02-13,19,27,F,west Bohemia,0,32257.4
5606,3084,1996-08-28,253512.0,36,7042.0,D,active_delinquent,true,1996-01-28,7,53,F,south Moravia,0,69241.4
5774,3916,1998-07-12,96984.0,36,2694.0,C,active_good,false,1997-09-28,10,26,M,central Bohemia,0,14906.1
5779,3942,1997-10-14,107352.0,36,2982.0,C,active_good,false,1996-05-10,17,59,F,west Bohemia,0,54474.7
5959,4727,1995-08-11,107640.0,24,4485.0,A,completed_good,false,1995-02-13,6,39,F,central Bohemia,0,74066.4
6073,5263,1996-11-12,276300.0,60,4605.0,C,active_good,false,1995-07-14,16,22,M,south Moravia,0,66574.0
6075,5267,1997-11-26,129312.0,24,5388.0,D,active_delinquent,true,1996-01-12,22,25,F,central Bohemia,0,45836.7
6249,6138,1997-07-30,67608.0,24,2817.0,C,active_good,false,1997-01-22,6,35,F,south Moravia,0,38275.7
6255,6158,1997-02-08,247920.0,48,5165.0,D,active_delinquent,true,1996-05-13,9,41,F,north Moravia,0,61289.1
6283,6289,1996-08-11,85632.0,48,1784.0,C,active_good,false,1995-04-05,16,49,F,south Moravia,0,73347.3
6310,6440,1997-06-17,34572.0,12,2881.0,A,completed_good,false,1996-11-01,7,22,F,Prague,0,19887.3
6312,6453,1998-05-17,10944.0,36,304.0,C,active_good,false,1996-07-27,22,47,M,north Bohemia,0,20393.1
6353,6686,1997-12-25,116496.0,24,4854.0,C,active_good,false,1996-02-10,22,40,M,south Moravia,0,21735.1
6471,7184,1996-08-04,155640.0,24,6485.0,A,completed_good,false,1995-06-19,14,55,F,central Bohemia,0,52849.7
6502,7424,1997-12-08,30276.0,12,2523.0,A,completed_good,false,1996-07-28,17,36,M,north Moravia,0,26029.5
6650,8073,1994-02-17,49320.0,12,4110.0,B,completed_default,true,1993-09-03,5,53,F,west Bohemia,0,90064.4
6677,8169,1997-08-12,97980.0,60,1633.0,C,active_good,false,1995-11-28,21,18,F,west Bohemia,0,30328.7
6746,8639,1998-06-06,185640.0,60,3094.0,C,active_good,false,1997-08-22,10,36,F,east Bohemia,0,23566.9
5036,309,1998-11-25,91248.0,48,1901.0,C,active_good,false,1997-04-25,19,25,F,south Bohemia,0,24212.8
5042,330,1998-07-12,331584.0,48,6908.0,C,active_good,false,1996-11-24,20,25,F,east Bohemia,0,26726.8
5051,378,1997-10-11,230400.0,60,3840.0,C,active_good,false,1996-07-22,15,37,M,north Moravia,0,38964.8
5287,1638,1998-01-26,64224.0,24,2676.0,C,active_good,false,1996-11-12,14,61,M,central Bohemia,0,27015.4
5304,1718,1998-08-20,172272.0,24,7178.0,C,active_good,false,1997-09-23,11,55,M,north Moravia,0,112409.6
5620,3161,1998-06-16,30012.0,12,2501.0,C,active_good,false,1996-08-26,22,45,M,east Bohemia,0,36336.5
5656,3353,1997-02-09,146064.0,24,6086.0,C,active_good,false,1996-08-27,6,45,F,north Moravia,0,40639.3
5519,2694,1994-03-08,91632.0,12,7636.0,A,completed_good,false,1993-03-08,12,36,F,east Bohemia,0,82253.9
5532,2754,1997-05-04,335280.0,48,6985.0,C,active_good,false,1996-01-26,16,46,F,south Moravia,0,75483.2
5589,3005,1998-06-05,390000.0,48,8125.0,C,active_good,false,1997-01-11,17,51,M,east Bohemia,0,43197.9
5419,2246,1997-02-05,415800.0,60,6930.0,C,active_good,false,1996-04-25,10,49,F,Prague,0,74849.4
5237,1375,1995-08-29,45336.0,24,1889.0,A,completed_good,false,1994-04-27,16,41,M,south Bohemia,0,84826.0
5270,1528,1997-07-21,191088.0,48,3981.0,C,active_good,false,1996-06-08,13,36,M,east Bohemia,0,63328.9
5900,4503,1996-01-01,135360.0,48,2820.0,C,active_good,false,1995-01-03,12,23,M,east Bohemia,1,74433.6
5906,4533,1998-05-05,81144.0,36,2254.0,C,active_good,false,1997-08-03,9,54,F,north Moravia,1,88143.4
5997,4894,1993-11-04,117024.0,24,4876.0,A,completed_good,false,1993-06-20,5,63,M,south Bohemia,1,81623.1
6150,5622,1994-11-02,83016.0,12,6918.0,A,completed_good,false,1993-02-08,21,19,M,south Moravia,1,68044.6
5332,1869,1998-01-29,37944.0,36,1054.0,C,active_good,false,1996-06-14,19,32,F,Prague,1,93167.1
7091,10243,1998-09-22,113436.0,36,3151.0,C,active_good,false,1997-09-03,12,42,M,east Bohemia,1,45860.1
5561,2910,1998-08-29,437460.0,60,7291.0,C,active_good,false,1997-10-21,10,45,F,north Moravia,1,42249.6
5595,3050,1994-09-02,82896.0,12,6908.0,A,completed_good,false,1993-05-08,16,26,M,east Bohemia,1,55904.2
6403,6924,1995-12-05,194880.0,48,4060.0,C,active_good,false,1994-06-01,18,19,M,north Moravia,1,41267.3
6698,8327,1996-03-10,247728.0,48,5161.0,C,active_good,false,1995-08-08,7,19,M,Prague,1,29761.7
7037,10022,1998-01-03,218064.0,48,4543.0,C,active_good,false,1997-05-07,8,54,F,Prague,1,66172.6
7219,10905,1997-08-23,57120.0,48,1190.0,C,active_good,false,1996-11-21,9,40,M,north Bohemia,1,64537.5
7100,10280,1997-12-31,348120.0,60,5802.0,C,active_good,false,1996-12-01,12,36,F,north Moravia,1,94207.5
7171,10650,1998-02-24,196224.0,48,4088.0,C,active_good,false,1997-09-09,5,48,M,north Moravia,1,41832.1
5134,825,1997-02-02,53076.0,12,4423.0,A,completed_good,false,1996-03-06,11,50,M,south Bohemia,1,41748.4
5148,940,1996-05-29,284280.0,60,4738.0,C,active_good,false,1994-11-15,18,40,F,north Bohemia,1,109138.5
5582,2982,1998-04-17,41256.0,12,3438.0,C,active_good,false,1996-06-04,22,60,M,south Bohemia,1,69951.0
6038,5120,1994-08-10,323472.0,48,6739.0,A,completed_good,false,1993-06-21,14,58,F,Prague,1,65187.7
6554,7637,1997-01-29,390096.0,48,8127.0,C,active_good,false,1996-08-19,5,20,M,east Bohemia,1,80446.6
6641,8026,1997-09-09,128268.0,36,3563.0,C,active_good,false,1997-03-23,6,56,M,north Bohemia,1,72510.9
5563,2912,1996-02-29,380160.0,60,6336.0,C,active_good,false,1994-07-30,19,49,M,north Moravia,1,58694.2
5282,1583,1996-08-24,388512.0,48,8094.0,D,active_delinquent,true,1994-11-17,21,29,F,north Moravia,0,67094.7
5310,1762,1995-04-28,248148.0,36,6893.0,A,completed_good,false,1993-12-11,16,58,F,west Bohemia,0,29332.7
5568,2933,1994-05-17,272520.0,60,4542.0,C,active_good,false,1993-06-18,11,59,M,central Bohemia,0,31046.4
5337,1886,1996-07-31,162468.0,36,4513.0,C,active_good,false,1996-03-05,4,41,F,north Bohemia,0,49269.6
5312,1772,1996-03-13,202788.0,36,5633.0,C,active_good,false,1995-02-20,13,45,F,west Bohemia,0,76546.3
5318,1808,1998-09-30,385584.0,48,8033.0,C,active_good,false,1997-05-16,16,24,M,west Bohemia,0,47885.8
5681,3448,1997-10-20,68664.0,24,2861.0,C,active_good,false,1996-06-06,16,18,F,south Moravia,0,23916.6
6178,5742,1995-12-16,232560.0,48,4845.0,C,active_good,false,1995-07-05,5,28,F,north Moravia,0,26154.3
6185,5774,1995-11-28,31176.0,24,1299.0,A,completed_good,false,1995-06-08,5,30,M,Prague,0,53225.4
6239,6083,1997-09-28,360864.0,48,7518.0,D,active_delinquent,true,1996-09-19,12,21,F,central Bohemia,0,5181.5
6486,7240,1998-01-15,152160.0,60,2536.0,C,active_good,false,1996-04-23,21,50,F,south Bohemia,0,13987.6
6625,7966,1997-09-07,473280.0,60,7888.0,D,active_delinquent,true,1996-12-27,9,31,F,south Moravia,0,27502.5
6695,8320,1997-06-04,309660.0,60,5161.0,C,active_good,false,1997-01-19,5,40,F,east Bohemia,0,36461.2
6738,8566,1994-09-29,230220.0,36,6395.0,B,completed_default,true,1993-10-08,11,56,F,north Moravia,0,18629.0
6859,9167,1998-03-07,272220.0,60,4537.0,C,active_good,false,1997-04-02,11,58,F,south Moravia,0,71269.5
6866,9201,1998-02-05,122472.0,24,5103.0,C,active_good,false,1996-10-28,16,37,F,north Moravia,0,47408.2
6933,9493,1995-09-09,188688.0,48,3931.0,C,active_good,false,1995-04-02,5,33,F,south Moravia,0,89702.6
6942,9513,1997-07-16,18324.0,12,1527.0,A,completed_good,false,1996-05-12,14,47,F,south Moravia,0,40110.6
6970,9677,1997-06-17,31620.0,60,527.0,C,active_good,false,1996-10-13,8,59,M,central Bohemia,0,37363.1
6984,9730,1997-08-15,116040.0,60,1934.0,C,active_good,false,1997-01-01,7,59,F,south Moravia,0,39012.1
7036,10019,1996-09-25,194940.0,36,5415.0,C,active_good,false,1995-06-15,15,34,M,central Bohemia,0,21665.5
5698,3556,1998-09-22,174840.0,60,2914.0,C,active_good,false,1997-08-29,13,47,F,south Moravia,0,22495.7
5772,3906,1998-03-08,334620.0,60,5577.0,C,active_good,false,1997-07-08,8,37,F,east Bohemia,0,93125.8
6748,8645,1998-12-08,240900.0,60,4015.0,C,active_good,false,1997-06-23,18,49,F,south Moravia,0,37613.0
6753,8688,1997-03-20,67980.0,12,5665.0,A,completed_good,false,1996-11-22,4,52,F,south Moravia,0,56223.3
6764,8776,1995-08-26,33984.0,48,708.0,C,active_good,false,1994-08-24,12,26,M,south Moravia,0,85427.8
6865,9199,1996-09-11,29448.0,12,2454.0,B,completed_default,true,1996-05-15,4,51,M,north Moravia,0,8399.6
6940,9510,1996-11-22,228276.0,36,6341.0,C,active_good,false,1996-06-09,5,37,M,Prague,0,36343.2
6962,9646,1998-04-02,279072.0,48,5814.0,C,active_good,false,1996-07-30,21,29,M,Prague,0,59246.6
7087,10215,1997-02-20,44304.0,24,1846.0,C,active_good,false,1996-04-12,10,32,M,north Bohemia,0,82176.2
7122,10365,1997-01-04,260640.0,36,7240.0,D,active_delinquent,true,1995-09-02,16,49,F,west Bohemia,0,55275.4
7226,10940,1994-02-23,197748.0,36,5493.0,A,completed_good,false,1993-09-13,5,28,F,central Bohemia,0,58305.5
7292,11317,1998-11-22,317460.0,60,5291.0,C,active_good,false,1997-07-11,16,23,M,east Bohemia,0,90506.3
7295,11328,1998-07-18,280440.0,60,4674.0,C,active_good,false,1996-11-05,20,46,F,south Moravia,0,63585.7
5103,666,1997-11-28,12540.0,12,1045.0,A,completed_good,false,1996-03-15,20,58,F,west Bohemia,1,81135.7
5354,2000,1998-07-14,290820.0,60,4847.0,C,active_good,false,1997-08-06,11,61,M,central Bohemia,1,68319.5
5088,544,1996-08-22,91152.0,24,3798.0,A,completed_good,false,1995-05-15,15,56,M,north Bohemia,1,111235.6
6215,5944,1998-06-18,78720.0,48,1640.0,C,active_good,false,1997-06-06,12,54,F,west Bohemia,1,62438.3
6668,8129,1994-07-30,74736.0,36,2076.0,A,completed_good,false,1993-06-26,13,33,M,east Bohemia,1,58451.5
6875,9235,1997-03-13,83280.0,48,1735.0,C,active_good,false,1995-06-24,21,57,F,north Bohemia,1,74808.9
7004,9869,1995-03-15,331560.0,60,5526.0,C,active_good,false,1993-08-21,19,18,M,central Bohemia,1,85701.4
7253,11079,1997-04-26,98304.0,12,8192.0,A,completed_good,false,1995-11-10,17,28,M,south Bohemia,1,101756.8
5366,2062,1996-10-29,86184.0,12,7182.0,A,completed_good,false,1996-03-06,7,58,F,north Moravia,1,35804.7
6745,8625,1995-04-10,47304.0,24,1971.0,A,completed_good,false,1993-11-10,17,27,M,south Moravia,1,28073.3
7101,10297,1996-11-18,421008.0,48,8771.0,C,active_good,false,1996-01-19,10,45,M,south Bohemia,1,77686.6
7192,10738,1994-12-21,115992.0,36,3222.0,A,completed_good,false,1993-04-17,20,61,M,west Bohemia,1,54987.6
7271,11186,1996-10-02,392460.0,60,6541.0,C,active_good,false,1994-11-24,23,18,F,central Bohemia,1,84779.6
5377,2116,1997-08-04,92400.0,12,7700.0,A,completed_good,false,1996-05-02,15,24,F,north Moravia,1,29807.9
5923,4585,1996-10-10,64656.0,48,1347.0,C,active_good,false,1996-06-08,4,51,M,west Bohemia,1,52116.8
7119,10361,1997-06-02,86880.0,12,7240.0,A,completed_good,false,1996-06-21,12,58,F,south Bohemia,1,13413.9
7137,10439,1994-06-03,151560.0,24,6315.0,A,completed_good,false,1993-11-21,7,45,M,south Moravia,1,96741.4
5154,993,1998-07-01,108720.0,60,1812.0,C,active_good,false,1996-11-14,20,32,F,central Bohemia,1,104413.0
5151,960,1995-05-24,189060.0,60,3151.0,C,active_good,false,1994-11-02,6,40,F,central Bohemia,1,78486.1
5389,2165,1997-08-22,78600.0,24,3275.0,C,active_good,false,1997-04-08,4,42,M,east Bohemia,0,38703.1
5713,3629,1995-05-30,158760.0,60,2646.0,C,active_good,false,1993-07-27,22,20,M,east Bohemia,0,27106.9
5723,3674,1994-09-10,23628.0,12,1969.0,A,completed_good,false,1993-03-12,18,44,M,north Bohemia,0,88581.2
5731,3711,1997-11-05,460980.0,60,7683.0,D,active_delinquent,true,1997-05-08,6,34,F,central Bohemia,0,-2376.9
6816,9017,1996-03-26,100224.0,48,2088.0,D,active_delinquent,true,1995-11-22,4,41,F,north Moravia,0,21318.2
6820,9034,1993-12-16,38148.0,12,3179.0,A,completed_good,false,1993-06-28,6,33,F,Prague,0,38820.2
7013,9928,1996-08-02,89340.0,60,1489.0,C,active_good,false,1995-11-09,9,27,F,south Moravia,0,66212.2
7061,10105,1994-08-27,121896.0,24,5079.0,A,completed_good,false,1993-04-28,16,33,M,south Moravia,0,72452.6
7115,10351,1997-03-04,88704.0,48,1848.0,C,active_good,false,1995-05-04,22,38,F,west Bohemia,0,14960.2
7189,10728,1996-03-21,154656.0,48,3222.0,C,active_good,false,1994-12-23,15,42,M,north Moravia,0,26893.3
7277,11231,1997-10-24,89280.0,12,7440.0,A,completed_good,false,1997-02-05,8,51,M,Prague,0,70405.8
5174,1093,1997-06-13,385104.0,48,8023.0,C,active_good,false,1996-01-14,17,42,F,south Moravia,0,39716.4
5214,1270,1997-07-01,74772.0,36,2077.0,C,active_good,false,1996-06-07,13,38,M,south Moravia,0,27961.3
5221,1284,1998-12-05,52512.0,12,4376.0,C,active_good,false,1997-07-02,17,54,M,south Moravia,0,30355.3
5398,2187,1997-11-04,53472.0,12,4456.0,A,completed_good,false,1996-02-26,21,58,M,central Bohemia,0,108556.3
5450,2345,1994-12-11,199680.0,60,3328.0,C,active_good,false,1993-10-25,14,49,M,east Bohemia,0,31797.3
5453,2361,1995-04-01,156672.0,36,4352.0,A,completed_good,false,1994-02-25,14,42,F,west Bohemia,0,15261.4
5463,2413,1998-10-06,17952.0,12,1496.0,C,active_good,false,1997-10-27,12,44,F,north Bohemia,0,43982.5
5706,3608,1996-05-24,161496.0,36,4486.0,C,active_good,false,1994-08-30,21,27,M,north Moravia,0,39044.7
5032,290,1994-11-03,123696.0,48,2577.0,A,completed_good,false,1993-12-02,11,58,M,south Moravia,0,37212.8
5172,1083,1998-04-16,50976.0,36,1416.0,C,active_good,false,1996-12-06,16,19,M,east Bohemia,0,21784.7
5760,3862,1998-09-18,74916.0,36,2081.0,C,active_good,false,1996-11-23,22,56,M,Prague,0,56200.1
5805,4081,1995-11-28,137904.0,24,5746.0,B,completed_default,true,1995-07-22,4,30,M,central Bohemia,0,7056.3
5886,4447,1996-10-31,192744.0,36,5354.0,C,active_good,false,1996-06-16,4,34,M,south Moravia,0,69375.9
5895,4473,1997-01-03,93960.0,60,1566.0,C,active_good,false,1995-10-09,15,36,M,east Bohemia,0,60686.3
5988,4851,1996-08-22,141648.0,24,5902.0,A,completed_good,false,1996-02-04,6,46,M,east Bohemia,0,98264.4
6196,5837,1997-09-14,177804.0,36,4939.0,C,active_good,false,1996-07-18,14,27,F,central Bohemia,0,32882.0
6232,6051,1994-07-08,276660.0,36,7685.0,B,completed_default,true,1993-08-28,11,49,M,south Moravia,0,10932.7
5189,1166,1994-02-07,149040.0,48,3105.0,A,completed_good,false,1993-04-21,10,30,F,central Bohemia,0,42642.0
5206,1242,1997-09-07,128544.0,24,5356.0,C,active_good,false,1996-11-24,10,47,F,north Moravia,0,32271.1
6545,7606,1995-12-12,191880.0,60,3198.0,C,active_good,false,1995-03-15,9,49,M,south Bohemia,0,35493.8
6589,7815,1996-01-01,189696.0,24,7904.0,A,completed_good,false,1995-04-09,9,53,M,south Bohemia,0,23723.5
6699,8330,1994-03-30,7656.0,24,319.0,A,completed_good,false,1993-03-28,12,36,F,east Bohemia,0,73565.0
6725,8489,1995-06-23,265320.0,36,7370.0,A,completed_good,false,1993-09-18,21,50,F,east Bohemia,0,65802.5
6791,8926,1998-01-23,566640.0,60,9444.0,C,active_good,false,1997-03-21,10,26,F,Prague,0,40138.2
6818,9030,1996-12-12,155616.0,48,3242.0,C,active_good,false,1995-01-21,23,27,F,north Moravia,0,58006.8
6841,9104,1994-08-07,172080.0,48,3585.0,A,completed_good,false,1994-01-21,7,41,F,central Bohemia,0,38967.4
6996,9828,1995-04-13,126600.0,24,5275.0,A,completed_good,false,1993-05-20,23,59,M,east Bohemia,0,38073.3
7220,10911,1994-07-28,131292.0,36,3647.0,A,completed_good,false,1993-05-29,14,44,M,Prague,0,48019.4
7235,10973,1993-10-13,154416.0,48,3217.0,A,completed_good,false,1993-04-20,6,29,F,south Bohemia,0,57638.2
6755,8713,1998-07-24,170700.0,60,2845.0,C,active_good,false,1997-05-18,14,27,M,south Moravia,0,14674.7
6785,8899,1995-12-25,125340.0,60,2089.0,C,active_good,false,1994-09-05,15,54,M,Prague,0,64740.1
6868,9208,1998-10-12,82128.0,24,3422.0,C,active_good,false,1997-05-24,17,29,M,west Bohemia,0,27011.4
6929,9472,1995-05-08,36396.0,12,3033.0,A,completed_good,false,1993-07-06,22,26,M,north Moravia,0,53902.0
7008,9897,1995-09-22,36168.0,12,3014.0,A,completed_good,false,1995-03-04,6,37,M,Prague,0,45652.2
7088,10233,1997-05-03,239160.0,60,3986.0,C,active_good,false,1996-02-21,15,51,M,west Bohemia,0,27021.1
7104,10320,1993-12-13,259740.0,60,4329.0,A,completed_good,false,1993-07-11,5,19,M,north Moravia,0,41848.9
7110,10345,1998-01-21,31260.0,12,2605.0,C,active_good,false,1996-04-07,21,30,M,north Bohemia,0,20975.7
7198,10788,1994-08-23,45768.0,12,3814.0,A,completed_good,false,1993-11-22,9,21,F,north Moravia,0,59769.3
7213,10884,1996-02-13,113544.0,36,3154.0,C,active_good,false,1995-02-20,12,56,M,south Moravia,0,83328.6
7221,10915,1998-06-11,152460.0,60,2541.0,C,active_good,false,1997-02-15,16,47,F,west Bohemia,0,21182.3
5210,1252,1997-04-01,148140.0,36,4115.0,C,active_good,false,1995-07-26,21,36,F,central Bohemia,0,62610.7
5125,789,1995-11-23,73056.0,48,1522.0,C,active_good,false,1995-02-06,9,28,M,north Bohemia,0,20756.5
5699,3562,1998-05-24,174960.0,24,7290.0,C,active_good,false,1996-07-19,22,21,F,east Bohemia,0,53322.3
5718,3637,1997-09-01,14028.0,12,1169.0,A,completed_good,false,1995-10-28,23,53,F,south Moravia,0,74335.9
4961,19,1996-04-29,30276.0,12,2523.0,B,completed_default,true,1995-04-07,12,59,F,south Bohemia,0,10873.0
5739,3747,1995-01-02,76380.0,12,6365.0,A,completed_good,false,1994-05-01,8,41,F,Prague,0,17077.6
5758,3859,1997-05-02,307200.0,60,5120.0,D,active_delinquent,true,1996-04-23,13,36,M,south Moravia,0,20411.1
5784,3967,1997-03-29,84600.0,36,2350.0,D,active_delinquent,true,1996-09-22,6,60,M,south Moravia,0,85375.5
5841,4268,1998-11-04,41988.0,12,3499.0,C,active_good,false,1997-02-20,21,25,M,north Moravia,0,61956.4
5725,3679,1996-07-23,444864.0,48,9268.0,C,active_good,false,1995-08-15,11,34,M,south Moravia,0,43773.1
5229,1329,1997-09-06,23520.0,12,1960.0,A,completed_good,false,1996-09-16,12,57,M,south Moravia,0,26078.7
5241,1389,1998-09-02,125472.0,24,5228.0,C,active_good,false,1997-08-05,13,58,M,north Bohemia,0,63132.5
5313,1776,1998-05-27,43200.0,24,1800.0,C,active_good,false,1997-07-27,10,49,F,north Bohemia,0,39767.5
5360,2035,1998-01-25,176328.0,36,4898.0,C,active_good,false,1996-05-10,20,55,M,south Moravia,0,75392.1
5418,2245,1995-01-16,347952.0,48,7249.0,C,active_good,false,1993-03-30,22,34,F,west Bohemia,0,125279.8
5117,718,1997-08-20,76944.0,12,6412.0,A,completed_good,false,1996-03-03,17,42,F,Prague,1,43652.8
5126,790,1994-07-24,208128.0,48,4336.0,B,completed_default,true,1993-05-11,14,47,M,south Moravia,1,29046.4
6621,7957,1997-06-14,42900.0,12,3575.0,A,completed_good,false,1995-09-07,21,34,M,east Bohemia,1,68381.8
6686,8260,1994-08-25,224604.0,36,6239.0,A,completed_good,false,1993-03-24,17,22,M,west Bohemia,1,68311.0
7129,10404,1998-03-01,194280.0,60,3238.0,C,active_good,false,1996-12-30,15,29,M,Prague,1,50338.8
7164,10613,1998-08-15,249792.0,48,5204.0,C,active_good,false,1997-11-04,9,33,M,south Moravia,1,40810.2
7243,11042,1995-12-04,217152.0,36,6032.0,A,completed_good,false,1995-01-29,11,24,M,north Moravia,1,45773.5
5865,4354,1998-10-30,327660.0,60,5461.0,C,active_good,false,1997-01-08,21,56,F,north Bohemia,1,54055.8
5868,4361,1997-03-29,90156.0,12,7513.0,A,completed_good,false,1996-03-11,12,52,F,north Moravia,1,102769.2
5922,4580,1995-08-05,20220.0,12,1685.0,A,completed_good,false,1994-08-27,12,25,F,central Bohemia,1,42498.3
6144,5593,1996-08-09,44376.0,12,3698.0,A,completed_good,false,1996-02-27,6,36,M,south Bohemia,1,62671.2
5887,4448,1994-10-03,192744.0,36,5354.0,A,completed_good,false,1993-06-02,16,27,F,south Moravia,1,77160.3
6014,4999,1997-05-18,165168.0,36,4588.0,C,active_good,false,1996-02-12,15,40,F,Prague,1,72645.9
6054,5180,1998-07-16,58764.0,12,4897.0,C,active_good,false,1997-02-24,17,52,F,south Moravia,1,34119.6
6118,5477,1997-10-04,349392.0,48,7279.0,C,active_good,false,1995-12-17,22,44,M,south Moravia,1,95112.6
5027,276,1998-12-02,160920.0,36,4470.0,C,active_good,false,1997-12-08,12,27,M,north Bohemia,1,59375.9
7264,11141,1997-10-07,44940.0,12,3745.0,A,completed_good,false,1997-02-11,8,22,F,Prague,1,92960.0
5390,2167,1994-10-30,170256.0,24,7094.0,A,completed_good,false,1993-08-08,14,33,F,south Bohemia,1,72725.2
5643,3273,1997-09-21,94512.0,12,7876.0,B,completed_default,true,1995-12-29,21,46,M,north Moravia,0,-6132.5
5651,3329,1997-12-08,19248.0,12,1604.0,A,completed_good,false,1996-10-12,14,34,M,central Bohemia,0,37235.2
5669,3403,1998-06-27,71820.0,36,1995.0,C,active_good,false,1997-05-20,13,34,M,south Moravia,0,107935.0
5674,3418,1997-06-10,207264.0,48,4318.0,C,active_good,false,1996-09-02,9,36,M,east Bohemia,0,27523.5
5585,2988,1998-07-08,88608.0,12,7384.0,C,active_good,false,1996-10-14,21,51,M,south Moravia,0,49707.8
5616,3143,1998-05-15,130896.0,24,5454.0,C,active_good,false,1996-10-18,19,44,F,north Bohemia,0,52129.1
6242,6097,1997-10-22,26208.0,36,728.0,C,active_good,false,1997-06-15,4,25,F,west Bohemia,0,29604.2
6244,6118,1995-01-08,270648.0,36,7518.0,B,completed_default,true,1994-03-07,10,61,M,Prague,0,38013.6
6296,6358,1996-08-06,270384.0,48,5633.0,C,active_good,false,1995-05-27,15,36,M,central Bohemia,0,36829.3
6456,7123,1993-12-09,47016.0,12,3918.0,A,completed_good,false,1993-04-14,8,41,F,east Bohemia,0,75197.4
6468,7176,1997-11-30,203940.0,60,3399.0,C,active_good,false,1996-12-07,11,44,F,Prague,0,57381.7
6508,7437,1998-04-19,110736.0,48,2307.0,C,active_good,false,1997-08-08,8,58,F,south Bohemia,0,41656.2
6526,7523,1995-01-03,288468.0,36,8013.0,A,completed_good,false,1994-08-29,5,40,F,south Moravia,0,33386.3
6633,7997,1998-02-05,160656.0,24,6694.0,C,active_good,false,1996-04-25,22,28,F,central Bohemia,0,38830.8
6655,8085,1997-10-17,260400.0,60,4340.0,D,active_delinquent,true,1996-04-08,18,48,F,north Moravia,0,51133.2
6659,8092,1996-02-20,56100.0,60,935.0,C,active_good,false,1995-01-11,13,40,M,south Moravia,0,13814.0
6676,8159,1995-06-13,29784.0,24,1241.0,A,completed_good,false,1995-02-08,4,29,F,west Bohemia,0,58866.4
6721,8475,1994-01-21,21072.0,24,878.0,A,completed_good,false,1993-09-08,4,34,F,south Bohemia,0,35895.7
7051,10068,1997-07-28,77808.0,12,6484.0,A,completed_good,false,1997-04-02,3,43,M,Prague,0,23327.2
7286,11271,1997-01-31,67320.0,36,1870.0,C,active_good,false,1995-09-20,16,26,M,central Bohemia,0,19682.5
7294,11327,1998-09-27,39168.0,24,1632.0,C,active_good,false,1997-10-15,11,19,F,central Bohemia,0,77352.8
5878,4415,1997-04-01,74040.0,12,6170.0,A,completed_good,false,1995-07-05,21,42,F,north Moravia,0,46492.6
5892,4462,1996-05-14,66480.0,24,2770.0,B,completed_default,true,1995-12-27,5,63,M,north Moravia,0,23778.7
6006,4948,1996-11-15,359760.0,60,5996.0,C,active_good,false,1995-07-29,16,19,M,east Bohemia,0,62313.3
6109,5422,1996-06-03,368880.0,60,6148.0,C,active_good,false,1994-10-22,20,24,M,south Moravia,0,36830.3
6168,5698,1998-11-21,99216.0,36,2756.0,C,active_good,false,1997-09-04,14,47,F,Prague,0,26698.2
6320,6495,1998-04-28,104964.0,12,8747.0,C,active_good,false,1996-07-23,21,32,M,central Bohemia,0,24244.6
6355,6699,1997-09-24,127200.0,48,2650.0,C,active_good,false,1996-06-08,15,33,M,north Bohemia,0,37531.4
6460,7133,1994-11-06,48672.0,36,1352.0,A,completed_good,false,1993-09-17,14,50,F,south Moravia,0,16888.6
6490,7262,1997-02-10,73260.0,60,1221.0,C,active_good,false,1996-08-30,6,58,F,north Moravia,0,40855.3
6512,7454,1994-05-26,63312.0,48,1319.0,A,completed_good,false,1993-04-19,13,42,F,west Bohemia,0,17416.2
6520,7485,1994-03-16,91200.0,24,3800.0,A,completed_good,false,1993-07-28,8,43,F,north Bohemia,0,47321.8
6535,7546,1995-11-02,41952.0,12,3496.0,A,completed_good,false,1994-09-03,14,26,M,east Bohemia,0,17114.3
5782,3953,1998-01-04,63576.0,12,5298.0,C,active_good,false,1997-06-16,7,38,F,Prague,0,70126.2
5836,4259,1994-08-27,79632.0,24,3318.0,A,completed_good,false,1994-04-08,4,39,F,south Moravia,0,59418.9
5877,4414,1995-02-23,97224.0,24,4051.0,A,completed_good,false,1993-09-10,17,47,F,south Bohemia,0,31528.3
5991,4858,1998-07-27,335184.0,48,6983.0,D,active_delinquent,true,1997-06-21,13,20,F,north Moravia,0,33114.9
5999,4907,1996-01-03,98832.0,48,2059.0,C,active_good,false,1994-02-06,23,28,F,east Bohemia,0,68823.3
6013,4995,1996-02-03,128988.0,36,3583.0,D,active_delinquent,true,1994-08-01,18,59,M,south Bohemia,0,42395.6
5002,173,1994-05-31,104808.0,12,8734.0,A,completed_good,false,1993-11-26,6,59,M,south Moravia,0,64005.1
5041,319,1997-07-11,369000.0,60,6150.0,C,active_good,false,1995-10-17,21,24,F,east Bohemia,0,78773.2
4962,25,1997-12-08,30276.0,12,2523.0,A,completed_good,false,1996-07-28,17,36,M,north Moravia,0,30199.4
5147,938,1998-05-21,22260.0,60,371.0,C,active_good,false,1997-12-13,5,58,F,north Moravia,0,29723.3
5486,2516,1997-06-13,466608.0,48,9721.0,C,active_good,false,1995-11-16,19,52,F,central Bohemia,0,47060.7
7147,10478,1998-01-02,267600.0,48,5575.0,C,active_good,false,1996-02-24,23,40,F,north Moravia,0,31106.7
7195,10774,1998-04-23,339168.0,48,7066.0,C,active_good,false,1997-07-05,9,56,F,east Bohemia,0,37653.8
7199,10789,1997-12-09,45768.0,12,3814.0,A,completed_good,false,1996-09-18,15,54,M,north Moravia,0,75280.4
7304,11349,1995-10-29,419880.0,60,6998.0,C,active_good,false,1995-05-26,5,53,F,Prague,0,33977.9
5569,2936,1998-01-20,504000.0,60,8400.0,C,active_good,false,1996-03-27,22,27,M,central Bohemia,0,45255.1
5395,2176,1994-07-30,299088.0,36,8308.0,B,completed_default,true,1993-06-06,13,32,F,north Moravia,0,-1579.4
6932,9491,1998-06-25,225504.0,48,4698.0,C,active_good,false,1996-08-08,22,18,M,central Bohemia,1,50525.5
7181,10679,1997-10-02,197808.0,24,8242.0,C,active_good,false,1997-05-30,5,36,F,Prague,1,51971.2
7263,11138,1996-01-19,89880.0,24,3745.0,A,completed_good,false,1995-08-18,5,35,M,north Moravia,1,56023.0
6903,9337,1994-06-04,52128.0,24,2172.0,A,completed_good,false,1993-09-13,9,39,F,central Bohemia,1,30208.3
6913,9377,1997-04-29,99936.0,24,4164.0,C,active_good,false,1995-09-17,19,32,F,Prague,1,43012.0
6992,9790,1996-07-27,133968.0,48,2791.0,C,active_good,false,1995-11-09,8,55,M,east Bohemia,1,64329.5
6995,9814,1996-09-26,96168.0,12,8014.0,A,completed_good,false,1995-01-19,20,26,F,south Moravia,1,81605.3
7154,10520,1996-12-05,417600.0,60,6960.0,C,active_good,false,1995-10-24,14,28,M,south Moravia,1,28240.1
7167,10644,1998-06-18,269964.0,36,7499.0,C,active_good,false,1997-07-12,11,19,F,south Bohemia,1,81252.7
7230,10954,1997-04-02,18720.0,60,312.0,C,active_good,false,1996-07-29,9,38,M,west Bohemia,1,43156.0
5325,1843,1993-08-03,105804.0,36,2939.0,A,completed_good,false,1993-01-30,7,58,F,south Bohemia,1,31576.9
5334,1876,1998-09-10,209040.0,24,8710.0,C,active_good,false,1997-09-20,12,19,M,Prague,1,48903.0
5526,2725,1998-11-08,69624.0,36,1934.0,C,active_good,false,1997-04-02,19,51,M,east Bohemia,1,77685.6
5584,2986,1997-12-06,24792.0,24,1033.0,C,active_good,false,1996-04-09,20,40,M,south Moravia,1,85306.5
5861,4337,1994-12-08,51408.0,24,2142.0,A,completed_good,false,1993-11-16,13,49,M,west Bohemia,1,53331.9
6112,5442,1994-06-17,174744.0,24,7281.0,B,completed_default,true,1993-03-22,15,20,F,central Bohemia,1,83369.0
6235,6062,1998-04-19,321360.0,60,5356.0,C,active_good,false,1996-08-28,20,23,M,west Bohemia,1,41691.3
6253,6148,1994-11-04,59760.0,24,2490.0,A,completed_good,false,1993-12-27,11,40,M,north Moravia,1,117837.6
6435,7045,1997-06-16,288720.0,48,6015.0,C,active_good,false,1996-12-26,6,55,M,east Bohemia,1,47276.3
6436,7049,1998-05-22,495180.0,60,8253.0,C,active_good,false,1997-10-12,7,19,F,north Moravia,1,38874.4
6921,9422,1996-10-29,86184.0,12,7182.0,A,completed_good,false,1996-03-06,7,58,F,north Moravia,1,39605.7
7001,9859,1997-08-10,300600.0,60,5010.0,C,active_good,false,1996-07-08,13,34,F,west Bohemia,1,49075.4
7139,10445,1998-01-22,23412.0,12,1951.0,C,active_good,false,1996-05-29,20,43,M,north Moravia,1,77583.9
6202,5891,1994-04-18,65184.0,12,5432.0,A,completed_good,false,1993-01-25,15,41,M,central Bohemia,1,106848.2
6321,6505,1998-10-08,38496.0,12,3208.0,C,active_good,false,1997-09-13,13,34,F,central Bohemia,1,39932.5
6346,6649,1997-05-22,100260.0,60,1671.0,C,active_good,false,1995-07-08,22,31,M,Prague,1,59578.6
6415,6950,1997-02-12,475680.0,48,9910.0,C,active_good,false,1996-10-12,4,32,F,north Bohemia,1,59094.5
6569,7721,1998-05-28,45456.0,12,3788.0,C,active_good,false,1997-07-03,10,51,F,central Bohemia,1,64929.6
4990,110,1997-09-08,162576.0,36,4516.0,C,active_good,false,1996-07-17,14,45,M,north Bohemia,1,73880.9
5311,1766,1996-06-15,30060.0,60,501.0,C,active_good,false,1994-09-03,21,47,M,west Bohemia,1,45731.1
5625,3189,1996-12-15,222180.0,60,3703.0,D,active_delinquent,true,1995-11-29,13,59,M,west Bohemia,0,17262.3
5657,3354,1994-07-05,4980.0,12,415.0,A,completed_good,false,1993-11-05,8,46,F,south Moravia,0,30676.3
5086,525,1997-07-16,210384.0,48,4383.0,C,active_good,false,1996-03-20,16,42,F,north Moravia,0,98722.9
5209,1250,1996-11-25,182640.0,48,3805.0,C,active_good,false,1996-03-28,8,56,F,south Moravia,0,17649.1
5269,1527,1994-11-19,164052.0,36,4557.0,B,completed_default,true,1993-11-17,12,23,F,west Bohemia,0,30887.1
5316,1801,1993-07-11,165960.0,36,4610.0,A,completed_good,false,1993-02-13,5,30,M,east Bohemia,0,93628.6
5464,2419,1995-01-30,95808.0,12,7984.0,A,completed_good,false,1993-11-27,14,58,M,east Bohemia,0,79096.4
5495,2580,1996-08-02,89340.0,60,1489.0,C,active_good,false,1995-11-09,9,27,F,south Moravia,0,65427.5
5765,3875,1998-02-10,153936.0,24,6414.0,C,active_good,false,1997-10-18,4,49,M,east Bohemia,0,57909.8
5850,4293,1997-05-22,164196.0,36,4561.0,C,active_good,false,1996-02-04,15,42,F,south Moravia,0,50935.8
6965,9656,1995-06-13,139536.0,24,5814.0,A,completed_good,false,1993-11-14,19,57,F,south Moravia,0,38901.6
7034,10001,1996-07-11,19044.0,36,529.0,C,active_good,false,1995-05-28,14,24,F,west Bohemia,0,78919.8
7136,10436,1996-09-28,54396.0,36,1511.0,C,active_good,false,1996-03-21,6,59,M,south Moravia,0,85104.2
7233,10963,1996-12-25,115812.0,36,3217.0,C,active_good,false,1995-05-20,19,45,M,south Bohemia,0,79062.2
6863,9188,1993-07-28,127080.0,60,2118.0,A,completed_good,false,1993-02-08,5,62,M,east Bohemia,0,34317.8
6919,9403,1994-08-05,120888.0,36,3358.0,A,completed_good,false,1993-03-27,17,54,F,Prague,0,26220.2
6922,9424,1997-08-26,83628.0,36,2323.0,C,active_good,false,1996-12-30,8,21,F,south Moravia,0,40314.3
6934,9494,1997-02-09,116832.0,12,9736.0,A,completed_good,false,1996-05-10,9,50,F,south Bohemia,0,37695.5
6960,9640,1995-01-11,76416.0,24,3184.0,A,completed_good,false,1993-03-13,22,61,M,Prague,0,111742.8
7057,10093,1995-10-20,231696.0,36,6436.0,A,completed_good,false,1994-07-01,15,25,M,Prague,0,55178.2
7085,10202,1997-06-19,305424.0,48,6363.0,C,active_good,false,1996-07-08,11,35,F,north Moravia,0,33737.6
7121,10364,1993-11-10,21924.0,36,609.0,A,completed_good,false,1993-01-17,10,38,M,south Moravia,0,50990.9
7201,10807,1997-03-07,67464.0,12,5622.0,A,completed_good,false,1996-03-13,12,63,M,north Bohemia,0,98820.0
7262,11135,1994-03-01,182628.0,36,5073.0,A,completed_good,false,1993-10-10,5,39,M,north Moravia,0,53703.3
5469,2445,1997-12-26,293160.0,60,4886.0,C,active_good,false,1996-07-07,17,20,F,east Bohemia,0,71271.1
5501,2622,1998-05-21,136344.0,24,5681.0,C,active_good,false,1996-08-21,21,34,F,Prague,0,30097.0
5128,808,1996-04-11,215616.0,48,4492.0,D,active_delinquent,true,1995-06-13,10,41,M,north Moravia,0,30105.4
5132,817,1995-02-17,538500.0,60,8975.0,C,active_good,false,1994-03-18,11,38,M,central Bohemia,0,43156.1
5208,1247,1995-03-16,99696.0,48,2077.0,D,active_delinquent,true,1993-06-08,21,27,F,south Moravia,0,101402.9
5343,1906,1997-10-08,44952.0,24,1873.0,C,active_good,false,1996-08-01,14,28,M,Prague,0,38787.1
5447,2335,1997-11-12,541200.0,60,9020.0,D,active_delinquent,true,1996-04-04,19,52,F,north Moravia,0,-2802.6
5817,4127,1997-08-15,100800.0,24,4200.0,D,active_delinquent,true,1996-05-03,15,60,M,east Bohemia,0,384.4
5897,4476,1996-09-25,15192.0,24,633.0,A,completed_good,false,1994-11-10,22,26,F,west Bohemia,0,24909.2
5980,4825,1995-08-18,21396.0,12,1783.0,A,completed_good,false,1994-06-04,14,30,M,south Bohemia,0,21600.7
6083,5305,1998-03-31,240528.0,48,5011.0,C,active_good,false,1996-09-16,18,42,M,east Bohemia,0,55603.7
6509,7445,1994-03-15,55368.0,24,2307.0,A,completed_good,false,1993-03-18,12,59,F,south Moravia,0,16407.8
6632,7990,1998-04-23,144960.0,48,3020.0,C,active_good,false,1996-08-30,20,31,F,central Bohemia,0,59933.0
6660,8094,1997-05-09,220428.0,36,6123.0,C,active_good,false,1996-11-24,6,36,M,north Moravia,0,29600.7
6751,8680,1996-07-14,85716.0,36,2381.0,C,active_good,false,1996-02-12,5,60,M,south Bohemia,0,23226.2
6923,9433,1998-10-05,44640.0,24,1860.0,C,active_good,false,1997-08-14,14,41,M,south Moravia,0,35673.3
7066,10131,1994-05-02,215388.0,36,5983.0,B,completed_default,true,1993-11-27,6,39,M,north Bohemia,0,12291.7
7072,10148,1998-01-27,22104.0,12,1842.0,C,active_good,false,1997-01-13,12,33,F,north Bohemia,0,64879.2
7168,10645,1998-07-05,208332.0,36,5787.0,C,active_good,false,1996-12-21,19,18,F,central Bohemia,0,42432.1
7209,10857,1997-11-30,385560.0,60,6426.0,D,active_delinquent,true,1996-10-02,13,42,M,east Bohemia,0,-5302.6
7250,11069,1997-03-04,119136.0,48,2482.0,C,active_good,false,1995-06-02,21,35,F,north Bohemia,0,117210.5
6306,6425,1994-12-20,36684.0,12,3057.0,A,completed_good,false,1993-03-29,21,20,F,north Moravia,0,27213.8
6358,6715,1995-01-14,137880.0,60,2298.0,D,active_delinquent,true,1993-09-15,16,35,M,north Moravia,0,33024.2
6386,6856,1997-04-30,124344.0,36,3454.0,C,active_good,false,1995-08-19,20,19,F,east Bohemia,0,29354.1
6499,7401,1994-01-05,80952.0,24,3373.0,A,completed_good,false,1993-02-26,11,53,M,Prague,0,35762.4
6546,7607,1995-03-27,31728.0,24,1322.0,A,completed_good,false,1993-09-05,18,48,M,Prague,0,53220.9
6578,7765,1995-12-11,27984.0,12,2332.0,A,completed_good,false,1994-07-10,17,49,M,east Bohemia,0,54416.4
6596,7844,1994-06-25,91584.0,24,3816.0,A,completed_good,false,1993-11-26,7,47,F,north Bohemia,0,68598.2
6665,8114,1997-08-15,99300.0,60,1655.0,C,active_good,false,1995-10-14,22,25,F,south Moravia,0,47755.1
6687,8261,1993-09-13,87840.0,24,3660.0,A,completed_good,false,1993-05-12,4,18,F,central Bohemia,0,62967.2
6729,8519,1994-08-11,74688.0,12,6224.0,A,completed_good,false,1993-04-02,16,53,F,west Bohemia,0,82331.5
6730,8523,1998-02-15,93036.0,12,7753.0,C,active_good,false,1996-11-25,15,18,F,south Moravia,0,58517.5
7202,10812,1998-05-29,140688.0,48,2931.0,C,active_good,false,1997-04-08,13,57,M,south Bohemia,0,7610.9
7242,11027,1997-10-23,48096.0,24,2004.0,C,active_good,false,1996-07-26,15,40,M,north Bohemia,0,49770.6
4973,67,1996-05-02,165960.0,24,6915.0,A,completed_good,false,1994-10-19,19,54,F,south Bohemia,0,39709.5
5556,2872,1997-05-19,268320.0,60,4472.0,C,active_good,false,1996-09-04,8,46,F,Prague,0,17036.9
5034,303,1998-05-30,112752.0,36,3132.0,C,active_good,false,1996-07-25,22,42,F,north Moravia,1,42459.1
5136,846,1996-07-28,187104.0,24,7796.0,A,completed_good,false,1996-03-09,4,21,F,north Moravia,1,114007.2
5388,2153,1996-11-28,61560.0,12,5130.0,A,completed_good,false,1996-01-07,10,55,M,west Bohemia,1,64031.2
6571,7733,1998-05-12,140064.0,24,5836.0,C,active_good,false,1996-07-08,22,48,F,south Bohemia,1,75116.4
6574,7745,1997-12-20,77544.0,36,2154.0,C,active_good,false,1996-11-29,13,56,F,central Bohemia,1,50613.5
6734,8547,1996-05-30,173016.0,36,4806.0,C,active_good,false,1995-07-17,10,53,F,south Bohemia,1,31402.9
5369,2080,1997-09-12,214596.0,36,5961.0,C,active_good,false,1997-04-27,5,61,M,north Moravia,1,86688.2
5385,2143,1996-09-09,71460.0,36,1985.0,C,active_good,false,1996-01-13,8,18,F,Prague,1,29590.9
5451,2350,1997-05-11,159744.0,48,3328.0,C,active_good,false,1996-08-04,9,25,F,south Bohemia,1,75894.7
5015,226,1998-07-12,109344.0,12,9112.0,C,active_good,false,1997-02-23,17,54,F,north Moravia,1,44471.3
5409,2218,1995-11-18,182040.0,60,3034.0,C,active_good,false,1994-11-21,12,47,F,south Bohemia,1,81658.7
5281,1580,1997-11-27,194256.0,24,8094.0,C,active_good,false,1996-01-08,22,30,M,north Moravia,1,32372.4
5963,4746,1997-09-07,204780.0,60,3413.0,C,active_good,false,1997-02-21,7,45,M,south Moravia,1,60710.8
6044,5133,1998-01-27,57060.0,12,4755.0,C,active_good,false,1996-12-08,13,55,M,north Moravia,1,81475.2
6254,6157,1997-12-28,247920.0,48,5165.0,C,active_good,false,1996-11-11,13,56,F,north Bohemia,1,61231.1
4959,2,1994-01-05,80952.0,24,3373.0,A,completed_good,false,1993-02-26,11,53,M,Prague,0,42628.1
4988,103,1997-12-06,265320.0,36,7370.0,D,active_delinquent,true,1996-03-10,21,31,M,east Bohemia,0,38023.2
5039,314,1997-05-03,66840.0,24,2785.0,C,active_good,false,1996-01-26,16,59,F,south Bohemia,0,25365.0
5044,344,1994-12-21,100980.0,60,1683.0,C,active_good,false,1993-12-01,12,33,M,south Moravia,0,56604.4
5045,347,1995-05-01,187224.0,24,7801.0,B,completed_default,true,1993-12-13,17,51,M,Prague,0,55760.8
5161,1012,1994-10-28,98184.0,24,4091.0,A,completed_good,false,1994-07-09,3,53,F,south Moravia,0,43192.3
5170,1071,1994-01-20,253200.0,60,4220.0,C,active_good,false,1993-05-10,8,48,F,east Bohemia,0,27639.7
5338,1888,1997-08-30,57360.0,12,4780.0,B,completed_default,true,1996-10-21,10,41,M,central Bohemia,0,-3387.6
5350,1967,1996-04-21,249312.0,48,5194.0,C,active_good,false,1995-02-13,14,43,M,west Bohemia,0,27814.0
5977,4803,1997-02-25,59136.0,48,1232.0,C,active_good,false,1996-06-08,8,19,F,west Bohemia,0,35752.1
6010,4969,1997-03-06,150180.0,60,2503.0,C,active_good,false,1996-08-19,7,61,M,south Moravia,0,101522.2
6019,5033,1996-07-25,11400.0,12,950.0,A,completed_good,false,1995-08-03,11,18,F,south Moravia,0,41097.4
6028,5072,1997-02-09,317520.0,60,5292.0,C,active_good,false,1996-04-12,10,30,F,central Bohemia,0,54847.7
6055,5181,1997-04-28,399120.0,60,6652.0,C,active_good,false,1996-02-03,14,56,F,north Moravia,0,24099.0
6095,5358,1997-01-24,68340.0,60,1139.0,C,active_good,false,1995-05-18,20,45,M,central Bohemia,0,68246.3
6111,5428,1993-09-24,174744.0,24,7281.0,B,completed_default,true,1993-04-14,5,50,F,west Bohemia,0,94419.9
6190,5794,1996-05-06,123600.0,60,2060.0,C,active_good,false,1995-07-14,10,31,M,north Moravia,0,67017.6
6442,7082,1998-02-08,194160.0,48,4045.0,C,active_good,false,1996-09-06,17,53,F,south Moravia,0,22345.2
6450,7099,1998-06-10,234336.0,48,4882.0,C,active_good,false,1996-08-20,22,27,F,Prague,0,19213.2
6737,8564,1995-03-11,76680.0,24,3195.0,A,completed_good,false,1993-09-12,18,49,M,north Moravia,0,48296.9
6758,8742,1997-07-29,33144.0,12,2762.0,A,completed_good,false,1997-01-28,6,18,F,north Moravia,0,21926.0
6876,9236,1993-12-21,86616.0,12,7218.0,A,completed_good,false,1993-08-18,4,37,M,central Bohemia,0,109183.0
6877,9241,1997-06-19,285240.0,60,4754.0,C,active_good,false,1996-09-25,9,46,M,north Moravia,0,27213.1
6895,9307,1994-09-19,41904.0,12,3492.0,A,completed_good,false,1993-01-24,20,24,M,north Moravia,0,111644.5
5365,2055,1998-07-19,271260.0,60,4521.0,C,active_good,false,1997-04-17,15,27,M,north Bohemia,0,11414.4
5367,2064,1997-08-26,83628.0,36,2323.0,C,active_good,false,1996-12-30,8,21,F,south Moravia,0,40943.8
5382,2134,1997-03-17,22932.0,36,637.0,C,active_good,false,1996-08-06,7,45,F,east Bohemia,0,57788.4
5415,2236,1996-09-26,139464.0,36,3874.0,D,active_delinquent,true,1995-08-27,13,40,M,north Moravia,0,-1439.1
5470,2456,1996-04-15,200976.0,48,4187.0,C,active_good,false,1995-09-09,7,43,M,south Moravia,0,43892.1
5140,873,1998-02-24,178500.0,60,2975.0,C,active_good,false,1997-04-26,10,27,F,north Moravia,0,13352.9
5265,1498,1998-10-07,165780.0,60,2763.0,C,active_good,false,1997-02-07,20,47,M,south Moravia,0,68657.7
5837,4260,1994-06-29,244560.0,60,4076.0,C,active_good,false,1993-10-14,8,31,F,south Moravia,0,51977.1
5893,4467,1998-08-03,86184.0,36,2394.0,C,active_good,false,1997-04-13,16,30,M,south Bohemia,0,31222.0
6097,5362,1997-08-21,202848.0,48,4226.0,C,active_good,false,1996-09-06,11,58,F,north Moravia,0,27713.2
6136,5572,1998-04-19,140880.0,60,2348.0,C,active_good,false,1997-08-11,8,41,M,south Bohemia,0,49913.8
5527,2728,1998-06-15,156420.0,60,2607.0,C,active_good,false,1997-07-06,11,41,M,east Bohemia,0,52920.4
5614,3137,1998-09-21,253560.0,60,4226.0,C,active_good,false,1996-12-15,21,47,F,north Bohemia,0,50782.2
