calendar_month,posting_accounts,engaged_accounts,new_accounts,transaction_count,engaged_transaction_count,credit_count,debit_count,credit_value_czk,debit_value_czk,net_flow_czk,average_account_transaction_value_czk,average_ending_balance_czk,accounts_ending_negative
1993-01-01,96,13,96,177,13,176,1,667457.6,34700.0,632757.6,2326.5,6901.64,0
1993-02-01,194,63,98,395,72,372,23,2445498.7,281426.6,2164072.1,5077.64,14089.61,0
1993-03-01,298,153,104,676,182,586,90,3855629.4,874689.2,2980940.2,5511.35,19317.75,0
1993-04-01,375,230,77,913,290,746,167,5325748.8,2052619.0,3273129.8,6602.76,24370.44,0
1993-05-01,466,318,91,1306,511,947,359,7664727.4,4016026.0,3648701.4,6957.53,27641.62,0
1993-06-01,553,422,88,1880,952,1111,769,10769273.4,7522675.5,3246597.9,8308.25,29042.81,1
1993-07-01,652,504,99,2399,1262,1352,1047,10636458.5,7384836.2,3251622.3,6505.52,29594.45,0
1993-08-01,754,591,102,2938,1601,1598,1340,11957341.0,9071470.6,2885870.4,6296.6,29687.02,0
1993-09-01,858,686,103,3441,1933,1803,1638,13515566.7,9923134.9,3592431.8,6119.61,30237.34,1
1993-10-01,933,787,75,3989,2343,1972,2017,15482959.8,12087939.9,3395019.9,6289.24,31449.95,0
1993-11-01,1047,871,115,4422,2621,2162,2260,15613308.5,12912432.6,2700875.9,5812.38,30583.25,0
1993-12-01,1138,973,91,5669,3675,2387,3282,22508267.6,17704340.8,4803926.8,6663.24,32553.31,0
1994-01-01,1163,1066,24,9139,7008,2561,6578,18617869.3,23974363.2,-5356493.9,5253.76,26917.28,9
1994-02-01,1194,1116,34,5601,3454,2582,3019,18386464.1,12895312.6,5491151.5,5390.47,30905.48,2
1994-03-01,1229,1158,32,6255,4031,2669,3586,19924596.4,17459206.2,2465390.2,5653.04,32252.86,1
1994-04-01,1270,1190,41,6549,4283,2722,3827,19787184.3,17704436.3,2082748.0,5389.9,32806.21,0
1994-05-01,1323,1238,55,7059,4646,2883,4176,21606973.1,20127163.8,1479809.3,5451.83,32650.85,0
1994-06-01,1360,1292,35,7916,5385,3016,4900,29519416.0,30156952.5,-637536.5,7172.05,31300.15,4
1994-07-01,1390,1328,31,7398,4840,3054,4344,22292760.3,20181748.4,2111011.9,5452.36,32255.93,1
1994-08-01,1427,1351,37,7600,4996,3107,4493,22829418.4,20736670.7,2092747.7,5359.76,32782.02,2
1994-09-01,1468,1392,40,7844,5172,3191,4653,24419957.9,22059881.7,2360076.2,5512.91,33482.07,0
1994-10-01,1512,1438,47,8197,5479,3254,4943,23794190.4,22821303.6,972886.8,5285.66,33335.53,1
1994-11-01,1542,1467,28,8275,5507,3317,4958,25031100.7,22560131.9,2470968.8,5415.56,34264.04,3
1994-12-01,1577,1506,35,9795,6969,3387,6408,32325423.5,29578205.5,2747218.0,6014.56,35074.13,1
1995-01-01,1642,1554,64,15493,12368,3703,11790,26889451.5,39356128.2,-12466676.7,4479.88,26010.2,12
1995-02-01,1680,1587,44,8682,5465,3817,4865,27105850.3,18020226.4,9085623.9,5010.4,30814.55,2
1995-03-01,1733,1633,48,9304,6066,3857,5447,29308215.8,24805215.5,4503000.3,5383.36,32571.75,1
1995-04-01,1786,1703,52,9519,6273,3885,5634,28919661.6,25924482.0,2995179.6,5418.6,33251.56,3
1995-05-01,1836,1745,50,9938,6567,4027,5911,31330342.3,28584626.9,2745715.4,5573.82,33966.34,1
1995-06-01,1891,1802,57,10930,7445,4161,6769,39819860.8,41792767.3,-1972906.5,7037.54,31804.03,2
1995-07-01,1941,1848,48,10431,6839,4286,6145,31922564.3,28037231.2,3885333.1,5388.86,33121.34,1
1995-08-01,1997,1885,58,10766,7117,4357,6409,32566775.0,29347340.8,3219434.2,5332.56,33858.38,1
1995-09-01,2059,1947,60,11013,7308,4433,6580,33071108.3,29979930.5,3091177.8,5355.75,34333.98,2
1995-10-01,2121,1984,65,11431,7578,4595,6836,34522393.1,32071412.3,2450980.8,5424.99,34345.49,4
1995-11-01,2188,2053,65,11741,7803,4699,7042,34698349.7,32748932.6,1949417.1,5388.48,34258.96,2
1995-12-01,2238,2128,50,13774,9745,4813,8961,45912672.4,40994925.3,4917747.1,6043.47,35771.87,6
1996-01-01,2344,2202,106,21405,16944,5270,16135,38687597.7,54934718.2,-16247120.5,4442.9,26905.46,12
1996-02-01,2445,2253,104,12507,7809,5534,6973,40115609.7,27554041.3,12561568.4,5002.62,31075.77,2
1996-03-01,2569,2355,124,13297,8554,5618,7679,41917600.3,35044500.2,6873100.1,5325.17,32328.25,4
1996-04-01,2671,2464,101,13754,8877,5789,7965,42816862.1,36359213.6,6457648.5,5438.05,33539.2,4
1996-05-01,2763,2590,91,14308,9333,5926,8382,44763606.1,40234503.3,4529102.8,5569.68,34158.95,1
1996-06-01,2874,2681,113,15885,10716,6156,9729,57879120.7,60830404.3,-2951283.6,7067.98,31678.37,11
1996-07-01,3009,2778,137,15500,9915,6611,8889,49466630.9,41287096.7,8179534.2,5456.24,33026.05,5
1996-08-01,3143,2900,133,16299,10597,6766,9533,50802222.9,45490630.8,5311592.1,5445.25,33395.47,4
1996-09-01,3248,3016,108,16883,10961,7028,9855,53513630.7,47327122.5,6186508.2,5493.72,34305.58,3
1996-10-01,3364,3148,115,17538,11463,7229,10309,55638256.5,50203397.4,5434859.1,5532.42,34626.24,5
1996-11-01,3469,3254,106,17943,11752,7391,10552,56402509.2,51559819.3,4842689.9,5572.52,34963.38,5
1996-12-01,3594,3382,125,21460,15054,7646,13814,74767331.9,66255042.0,8512289.9,6200.62,36263.35,7
1997-01-01,3658,3488,66,33060,26126,8220,24840,62241042.0,87067165.7,-24826123.7,4693.22,28536.25,27
1997-02-01,3729,3565,79,19202,12186,8325,10877,61296291.7,43871358.3,17424933.4,5169.27,32750.52,11
1997-03-01,3803,3639,65,20491,13422,8405,12086,64765558.9,56063619.9,8701939.0,5460.92,34580.07,10
1997-04-01,3885,3726,82,20922,13810,8473,12449,65193290.3,58226515.7,6966774.6,5486.8,35705.12,10
1997-05-01,3962,3797,83,21686,14450,8628,13058,66695008.8,63938534.0,2756474.8,5528.02,35734.78,9
1997-06-01,4041,3884,74,23832,16289,8967,14865,87129452.0,93403560.8,-6274108.8,7090.06,33249.36,15
1997-07-01,4121,3968,79,22481,14755,9182,13299,70775759.7,61686725.4,9089034.3,5425.97,34892.3,14
1997-08-01,4202,4032,83,22979,15227,9236,13743,70787629.3,64777628.7,6010000.6,5427.1,35682.81,13
1997-09-01,4282,4097,83,23324,15454,9383,13941,73069641.4,67376612.8,5693028.6,5530.81,36462.03,13
1997-10-01,4362,4188,78,23995,15995,9540,14455,74031018.3,69903132.2,4127886.1,5515.46,36629.65,14
1997-11-01,4418,4254,62,24168,16134,9603,14565,73804454.2,68891069.1,4913385.1,5472.79,37292.7,16
1997-12-01,4483,4337,64,28269,20145,9716,18553,94903180.1,88430761.8,6472418.3,6083.24,38155.31,18
1998-01-01,4480,4398,0,42940,34374,10172,32768,79269558.3,112812799.9,-33543241.6,4520.17,30535.67,34
1998-02-01,4475,4413,0,23995,15561,10040,13955,74628756.0,54120571.0,20508185.0,5046.28,35182.19,24
1998-03-01,4478,4428,0,25341,16942,10005,15336,77311535.8,70876874.9,6434660.9,5362.81,36763.39,27
1998-04-01,4475,4427,0,25297,17039,9864,15433,76083228.5,71190114.1,4893114.4,5352.11,37840.2,26
1998-05-01,4480,4430,0,25634,17423,9817,15817,75873059.8,74011876.3,1861183.5,5350.23,38284.97,33
1998-06-01,4479,4436,0,27833,19434,10005,17828,98321360.5,111580666.0,-13259305.5,7024.38,35268.21,37
1998-07-01,4480,4441,0,25582,17114,10074,15508,78225629.4,69111489.8,9114139.6,5283.69,37334.05,37
1998-08-01,4480,4436,0,25622,17280,9948,15674,77223470.0,73415862.7,3807607.3,5306.31,38230.42,40
1998-09-01,4478,4432,0,25450,17181,9875,15575,76254017.2,72043676.2,4210341.0,5336.76,39186.94,35
1998-10-01,4480,4436,0,25689,17431,9864,15825,77020816.3,74868807.3,2152009.0,5416.06,39639.64,37
1998-11-01,4478,4434,0,25341,17205,9742,15599,75596874.5,73245219.1,2351655.4,5394.24,40214.18,43
1998-12-01,4424,4374,0,23553,15712,9447,14106,95155975.9,76541117.8,18614858.1,6908.33,44209.53,34
